#,Business,Type,City,Governorate,Full address,Phone,Secondary phone,Website Status,Website,Google Maps,Facebook,Instagram,Lead Potential,Google rating,Google reviews,Reason,Verification sources
1,La Cucina,Restaurant,Monastir,Monastir,"Place 3 Aout, Monastir 5000",+216 96 455 150,,Social media only,,https://www.google.com/maps?cid=10450448928807487105,https://www.facebook.com/61551104882964/,https://www.instagram.com/lacucinaa23,High,4.4,796,"4.4★ from 796 Google reviews; relies on social media only. A site could show menu, photos, opening hours and reservation/WhatsApp booking. Note: Italian (wood-fired pizza/pasta), 796 reviews; Tripadvisor #12 of 82; FB/IG + directories only.","Google Maps; WebSearch (Facebook, Tripadvisor, aslama.tn)"
2,Smoke House 67,Restaurant,Monastir,Monastir,"QR7G+V93, Monastir",+216 58 000 110,,Social media only,,https://www.google.com/maps?cid=11102959442667938032,,Instagram reel mentions 'Smoke house 67 Monastir 58000110',High,4.4,578,"4.4★ from 578 Google reviews; relies on social media only. A site could show menu, photos, opening hours and reservation/WhatsApp booking. Note: Only RestaurantGuru/Instagram mentions; no own site found.","Google Maps; WebSearch (restaurantguru, instagram)"
3,Di Più,Restaurant,Monastir,Monastir,Monastir 5000,+216 50 074 004,,Social media only,,https://www.google.com/maps?cid=13172501472462840975,https://www.facebook.com/dipiu.monastir/,,High,4.5,423,"4.5★ from 423 Google reviews; relies on social media only. A site could show menu, photos, opening hours and reservation/WhatsApp booking. Note: Tripadvisor #3 of 72 in Monastir; FB+TikTok only.","Google Maps; WebSearch (Tripadvisor, Facebook)"
4,Dar Bibi,Restaurant,Monastir,Monastir,"Av. Trimeche, Monastir",+216 53 088 880,51300788 (Tripadvisor/Restaurant Guru),Social media only,,https://www.google.com/maps?cid=4122008712186437851,https://www.facebook.com/p/Dar-Bibi-%D8%AF%D8%A7%D8%B1-%D8%A8%D9%8A%D8%A8%D9%8A-100068128014132/,,High,4.7,415,"4.7★ from 415 Google reviews; relies on social media only. A site could show menu, photos, opening hours and reservation/WhatsApp booking. Note: Opposite the governorate; Tripadvisor 5.0; Maps lists a social link only.","Google Maps; WebSearch (Tripadvisor, Facebook)"
5,BIZZ’ART Restaurant,Restaurant,Monastir,Monastir,المنستير,+216 53 065 000,,Social media only,,https://www.google.com/maps?cid=4094041314204689540,https://www.facebook.com/bizzartmonastir/,https://www.instagram.com/bizzart_monastir/,High,4.0,378,"4.0★ from 378 Google reviews; relies on social media only. A site could show menu, photos, opening hours and reservation/WhatsApp booking. Note: Tripadvisor #20 of 72; downtown near Fattouma Bourguiba hospital.","Google Maps; WebSearch (Facebook, Instagram, Tripadvisor)"
6,Latte Studio,Café,Monastir,Monastir,"العنوان: QR9J+HCH, Av. Taher Ben Achour, Monastir",+216 95 390 656,,Social media only,,https://www.google.com/maps?cid=16649481803690164843,https://www.facebook.com/p/Latte-Studio-Coffee-Brunch-61564567927378/,,High,4.7,331,"4.7★ from 331 Google reviews; relies on social media only. A site could show menu, photos, events and location page. Note: Popular brunch café on R6; FB + TikTok only.","Google Maps; WebSearch (Facebook, TikTok)"
7,kavos coffee,Café,Monastir,Monastir,"العنوان: Unnamed Road Monastir, 5000",+216 22 399 000,,Social media only,,https://www.google.com/maps?cid=5441638977904836840,https://www.facebook.com/kavoscoffeehouse/,https://www.instagram.com/kavos_coffeehouse/,High,4.6,274,"4.6★ from 274 Google reviews; relies on social media only. A site could show menu, photos, events and location page. Note: Student favourite near the faculties; Tripadvisor 5.0.","Google Maps; WebSearch (Instagram, Facebook, Tripadvisor)"
8,Oriento,Restaurant,Monastir,Monastir,"QRHM+727 Skanes Meubles, Monastir 5000",+216 92 705 705,,Social media only,,https://www.google.com/maps?cid=8859883069286669927,https://www.facebook.com/p/Oriento-100088441256451/,,High,4.2,250,"4.2★ from 250 Google reviews; relies on social media only. A site could show menu, photos, opening hours and reservation/WhatsApp booking. Note: Lebanese/Mediterranean at Cap Marina Skanes.","Google Maps; WebSearch (Facebook, Tripadvisor, HappyCow)"
9,Sekifa Resto,Restaurant,Monastir,Monastir,"QR9J+H8J, Monastir",+216 94 061 086,,Social media only,,https://www.google.com/maps?cid=17019278056099470375,https://www.facebook.com/p/Skifa-Resto-61552834024936/,,High,4.6,207,"4.6★ from 207 Google reviews; relies on social media only. A site could show menu, photos, opening hours and reservation/WhatsApp booking. Note: Contemporary Tunisian restaurant near the Ribat; FB page 'Skifa Resto'.","Google Maps; WebSearch (Facebook, RestaurantGuru)"
10,CENTRE OXYGEN SPA ET BEAUTÉ MONASTIR,Beauty salon / spa,Monastir,Monastir,"Route, Monastir 5000",+216 31 502 310,54076705 (Facebook),Social media only,,https://www.google.com/maps?cid=6245403052291932472,https://www.facebook.com/p/Centre-Oxygen-Spa-Beaut%C3%A9-100063975400762/,https://www.instagram.com/centre.oxygen.monastir/,High,4.6,199,"4.6★ from 199 Google reviews; relies on social media only. A site could show service menu, prices, gallery and booking. Note: Established spa, Tripadvisor listed.","Google Maps; WebSearch (Facebook, Instagram, Tripadvisor)"
11,El koojina,Restaurant,Monastir,Monastir,Bab El Kram n°6، المنستير 5000,+216 54 060 609,,Social media only,,https://www.google.com/maps?cid=13324902352057823629,https://www.facebook.com/Elkoojina/,https://www.instagram.com/elkoojina/,High,4.6,188,"4.6★ from 188 Google reviews; relies on social media only. A site could show menu, photos, opening hours and reservation/WhatsApp booking. Note: Traditional Tunisian since 1994; Tripadvisor #10 of 72.","Google Maps; WebSearch (Facebook, Instagram, Tripadvisor)"
12,Salon de coiffure Mehdi,Hair salon / barber,Monastir,Monastir,"العنوان: QRCF+J9C, Monastir",+216 24 589 113,,No website found,,https://www.google.com/maps?cid=15950206453975036259,,,High,5.0,182,"5.0★ from 182 Google reviews; no website found on Maps or in web search. A site could show services & prices, gallery and appointment booking. Note: 182 reviews at 5.0 on Maps; no web presence found besides Maps.",Google Maps; WebSearch (no matching results)
13,Dar Zmen,Restaurant,Monastir,Monastir,المنستير,+216 20 181 878,,Social media only,,https://www.google.com/maps?cid=8740625965181019232,https://www.facebook.com/indiana.fromagerie/,,High,4.1,174,"4.1★ from 174 Google reviews; relies on social media only. A site could show menu, photos, opening hours and reservation/WhatsApp booking. Note: Traditional Tunisian, Tripadvisor #34 of 69.","Google Maps; WebSearch (Facebook, Tripadvisor)"
14,Tamaris Coffee Shop,Café,Monastir,Monastir,"QR9H+6H6, Monastir",+216 53 986 710,,Social media only,,https://www.google.com/maps?cid=11571492198704325692,https://www.facebook.com/p/Tamaris-coffee-shop-100063501815057/,https://www.instagram.com/tamaris_coffee_shop/,High,4.8,132,"4.8★ from 132 Google reviews; relies on social media only. A site could show menu, photos, events and location page. Note: 12k+ Instagram followers; only a third-party auto page (grubbio.com).","Google Maps; WebSearch (Facebook, Instagram, Tripadvisor)"
15,Boroda barbershop,Hair salon / barber,Monastir,Monastir,"العنوان: QR8H+84V, Monastir",+216 51 757 566,,Social media only,,https://www.google.com/maps?cid=10335067829773451371,https://www.facebook.com/p/Barbershop-Mr-Boroda-100066718957640/,,High,5.0,128,"5.0★ from 128 Google reviews; relies on social media only. A site could show services & prices, gallery and appointment booking. Note: 128 reviews at 5.0; only a likely FB page found.",Google Maps; WebSearch
16,Dr Rim Chaieb bhouri,Dental clinic,Monastir,Monastir,"العنوان: QRC9+762, Monastir",+216 50 262 726,"73503458 (near-place.com directory, unverified)",No website found,,https://www.google.com/maps?cid=17883960109808523888,,,High,4.9,123,"4.9★ from 123 Google reviews; no website found on Maps or in web search. A site could show services, doctor profile, CNAM info and appointment booking. Note: Only medical directories (lerdvmedical.tn, dentalby).",Google Maps; WebSearch (directories)
17,Café Bir Alandalos,Café,Monastir,Monastir,"QRFJ+G9H, Monastir",+216 92 197 570,,Social media only,,https://www.google.com/maps?cid=13732087308132296373,https://www.facebook.com/CafeBirAndalous/,,High,4.3,115,"4.3★ from 115 Google reviews; relies on social media only. A site could show menu, photos, events and location page. Note: Traditional café-resto near the Ribat; FB videos list 92197570.","Google Maps; WebSearch (Facebook, RestaurantGuru)"
18,LE PETIT FONDANT,Café,Monastir,Monastir,"العنوان: QR8R+76X, Rue de fes, Monastir",+216 58 981 534,,No website found,,https://www.google.com/maps?cid=17155348625667379093,,,High,5.0,110,"5.0★ from 110 Google reviews; no website found on Maps or in web search. A site could show menu, photos, events and location page. Note: 5.0 with 110 reviews; only directory (plurielle.tn).",Google Maps; WebSearch
19,Pets Hope Veterinary Clinic,Veterinary clinic,Monastir,Monastir,"العنوان: QRCF+J9C, Monastir",+216 95 778 775,,Social media only,,https://www.google.com/maps?cid=29174134562883127,https://www.facebook.com/p/Cabinet-V%C3%A9t%C3%A9rinaire-Pets-hope-100055205119147/,,High,4.5,84,"4.5★ from 84 Google reviews; relies on social media only. A site could show services, emergency contact and appointment booking. Note: 2,600+ FB likes; only directory listing (tunisievet.com) besides FB.","Google Maps; WebSearch (Facebook, tunisievet.com)"
20,Veto BestFriend,Veterinary clinic,Monastir,Monastir,"العنوان: Rue Ali Bourguiba, Monastir",+216 96 880 435,,Social media only,,https://www.google.com/maps?cid=98162554015788167,https://www.facebook.com/VetoBestFriend/,,High,4.6,80,"4.6★ from 80 Google reviews; relies on social media only. A site could show services, emergency contact and appointment booking. Note: Dr Amira Bannour, Skanes; full service vet (surgery, boarding, grooming); directories only. Duplicate Maps listing merged: Clinique Vétérinaire.","Google Maps; WebSearch (Facebook, para-doctor.tn, animalia.tn)"
21,Pâtisserie sweet ness,Bakery / pastry shop,Monastir,Monastir,"العنوان: QRF5+R9R, Monastir",+216 55 447 500,,Social media only,,https://www.google.com/maps?cid=11203835469271179832,https://www.facebook.com/sweet.nessrine/,,High,4.9,76,"4.9★ from 76 Google reviews; relies on social media only. A site could show product catalogue (cakes, wedding/event orders) and order contact. Note: 4.9 with 76 reviews.",Google Maps; WebSearch (Facebook)
22,twins barbershop,Hair salon / barber,Monastir,Monastir,"QR86+76W, C100e, Monastir 5000",+216 50 445 704,,No website found,,https://www.google.com/maps?cid=14848174984619170670,,https://www.instagram.com/twins.barbershop.13/,High,4.5,62,"4.5★ from 62 Google reviews; no website found on Maps or in web search. A site could show services & prices, gallery and appointment booking. Note: No own site found.",Google Maps; WebSearch
23,TOP PROMO VOYAGES,Travel agency / excursions,Monastir,Monastir,"العنوان: Cité El Agba n° 245, Monastir 5000",+216 98 220 210,,Social media only,,https://www.google.com/maps?cid=16092674940728387551,https://www.facebook.com/TOPPROMOVOYAGES,https://www.instagram.com/top.promo.voyages/,High,4.9,59,"4.9★ from 59 Google reviews; relies on social media only. A site could show offers/packages, Omra/visa services and enquiry form. Note: Category A travel agency, 4.4k FB likes; travel agency without booking site.","Google Maps; WebSearch (Facebook, Instagram)"
24,Eva Beauty Center,Beauty salon / spa,Monastir,Monastir,"العنوان: Avenue les Marthyres, Imeuble Abbess 2, Monastir",+216 73 425 785,,Social media only,,https://www.google.com/maps?cid=12501130986412398892,https://www.facebook.com/p/EVA-Beauty-Center-100057535056609/,https://www.instagram.com/zoubeida_mzali/,High,4.8,53,"4.8★ from 53 Google reviews; relies on social media only. A site could show service menu, prices, gallery and booking. Note: Imm. Abbess 2, Av. des Martyrs; directories only.","Google Maps; WebSearch (Facebook, near-place)"
25,Fit fight gym,Gym / fitness,Monastir,Monastir,"العنوان: PRVF+63X, Monastir",+216 55 335 300,,Social media only,,https://www.google.com/maps?cid=17512449327025285589,https://www.facebook.com/Fitfight.Gym/,https://www.instagram.com/fitfight.gym/,High,4.8,53,"4.8★ from 53 Google reviews; relies on social media only. A site could show memberships, class schedule and trainer profiles. Note: 11k Instagram followers; open 7/7; Kangoo Jump classes.","Google Maps; WebSearch (Facebook, Instagram)"
26,SKY FIT,Gym / fitness,Monastir,Monastir,"العنوان: Imm cité Bassatine prés de SNIT 5000 Monastir, Tunisie Monastir, 5000",+216 50 507 507,73426306,Social media only,,https://www.google.com/maps?cid=7270085576117048268,https://www.facebook.com/Sky.fit2021,https://www.instagram.com/skyfit.monastir/,High,5.0,38,"5.0★ from 38 Google reviews; relies on social media only. A site could show memberships, class schedule and trainer profiles. Note: Gym at Cité Bassatine near SNIT; email skyfitmonastir@gmail.com.","Google Maps; WebSearch (Facebook, Instagram)"
27,Mozart catering Monastir,Bakery / pastry shop,Monastir,Monastir,"العنوان: QRC6+2CC, Unnamed Road, Monastir",+216 24 440 048,,Website unclear,,https://www.google.com/maps?cid=42189514089427855,,,Medium,4.2,164,"4.2★ from 164 Google reviews; no website on Google Maps; web check not done yet. A site could show product catalogue (cakes, wedding/event orders) and order contact. Note: Possibly part of Mozart group which has mozart.tn.",Google Maps; web search
28,Le Bistrot,Café,Monastir,Monastir,"العنوان: Monastir rond point de Globe Terrestre Monastir monastir, 5000",+216 51 900 500,,Website unclear,,https://www.google.com/maps?cid=6515186975804269223,,,Medium,4.4,139,"4.4★ from 139 Google reviews; no website on Google Maps; web check not done yet. A site could show menu, photos, events and location page.",Google Maps
29,Patisserie mozart c1,Café,Monastir,Monastir,"العنوان: QR98+CVG, Monastir",+216 93 625 502,,Website unclear,,https://www.google.com/maps?cid=4617523046995186108,,,Medium,4.3,122,"4.3★ from 122 Google reviews; no website on Google Maps; web check not done yet. A site could show menu, photos, events and location page. Note: Possibly part of Mozart group which has mozart.tn.",Google Maps; web search
30,restaurant chef Monastir,Restaurant,Monastir,Monastir,"QRFG+4CP, Monastir",+216 97 955 985,,Website unclear,,https://www.google.com/maps?cid=16637940095624072814,,,Medium,4.5,92,"4.5★ from 92 Google reviews; no website on Google Maps; web check not done yet. A site could show menu, photos, opening hours and reservation/WhatsApp booking.",Google Maps
31,Salon de coiffure Triple H (Helmi),Hair salon / barber,Monastir,Monastir,العنوان: QRCJ+8JP، Rue Chedli Kallala، المنستير 5000,+216 22 168 982,,Website unclear,,https://www.google.com/maps?cid=14819150542497472138,,,Medium,4.6,65,"4.6★ from 65 Google reviews; no website on Google Maps; web check not done yet. A site could show services & prices, gallery and appointment booking.",Google Maps
32,Pâtisserie du Jour,Bakery / pastry shop,Monastir,Monastir,"العنوان: QRCH+M6W, Rue Trabelsia, Monastir 5000",+216 58 022 970,,Website unclear,,https://www.google.com/maps?cid=2982320649368384394,,,Medium,4.6,49,"4.6★ from 49 Google reviews; no website on Google Maps; web check not done yet. A site could show product catalogue (cakes, wedding/event orders) and order contact.",Google Maps
33,MARHABA SHOP,Other local business,Monastir,Monastir,"QRFJ+G4G, Monastir",+216 25 130 500,,Social media only,,https://www.google.com/maps?cid=17182421780500960671,https://www.facebook.com/share/14m8uix4sQ5/,,Medium,4.9,47,"4.9★ from 47 Google reviews; relies on social media only (link on Maps listing; own-site check pending). A site could show business profile, services and contact.",Google Maps (social link on listing)
34,Trax Gym,Gym / fitness,Monastir,Monastir,"العنوان: QR75+FWC, Monastir",+216 58 267 364,,Social media only,,https://www.google.com/maps?cid=12241471484202858028,,https://www.instagram.com/traxgym.tn/,Medium,4.8,45,"4.8★ from 45 Google reviews; relies on social media only (link on Maps listing; own-site check pending). A site could show memberships, class schedule and trainer profiles.",Google Maps (social link on listing)
35,L’Arôme Viennoiserie,Bakery / pastry shop,Monastir,Monastir,"العنوان: Avenue Ali Bourguiba, Monastir 5000",+216 55 030 202,,Website unclear,,https://www.google.com/maps?cid=4112577850635069513,,,Medium,4.7,44,"4.7★ from 44 Google reviews; no website on Google Maps; web check not done yet. A site could show product catalogue (cakes, wedding/event orders) and order contact.",Google Maps
36,Dentiste Monastir : Dr Firas Tabka,Dental clinic,Monastir,Monastir,"العنوان: Immeuble Asma, Rue 14 janvier, Monastir 5000",+216 54 420 624,,Social media only,https://wa.me/+21654420624,https://www.google.com/maps?cid=13549596875615590885,,,Medium,5.0,42,"5.0★ from 42 Google reviews; relies on social media only (link on Maps listing; own-site check pending). A site could show services, doctor profile, CNAM info and appointment booking.",Google Maps (social link on listing)
37,Cabinet dentaire Dr.Marwa Kacemi,Dental clinic,Monastir,Monastir,"العنوان: en face de la faculté de médecine dentaire, immeuble Oumaima, Bureau N5 Mezzanine, Monastir",+216 55 543 388,,Social media only,,https://www.google.com/maps?cid=15711821619048857098,,https://www.instagram.com/cabinet_dr_marwa_kacemi,Medium,5.0,42,"5.0★ from 42 Google reviews; relies on social media only (link on Maps listing; own-site check pending). A site could show services, doctor profile, CNAM info and appointment booking.",Google Maps (social link on listing)
38,Cabinet Dr Marwa Troudi,Dental clinic,Monastir,Monastir,العنوان: المنستير 5000,+216 51 550 450,,Website unclear,,https://www.google.com/maps?cid=12276056108198889293,,,Medium,4.4,41,"4.4★ from 41 Google reviews; no website on Google Maps; web check not done yet. A site could show services, doctor profile, CNAM info and appointment booking.",Google Maps
39,Pâtisserie Pastel,Bakery / pastry shop,Monastir,Monastir,"العنوان: QRF7+G4W, Monastir",+216 21 211 818,,Website unclear,,https://www.google.com/maps?cid=8439687683652513620,,,Medium,4.4,41,"4.4★ from 41 Google reviews; no website on Google Maps; web check not done yet. A site could show product catalogue (cakes, wedding/event orders) and order contact.",Google Maps
40,Driving School Elhayet,Driving school,Monastir,Monastir,"Rue imem Mezri sidi sré près de Magasin Aziza Monastir, 5000",+216 98 977 847,,Social media only,,https://www.google.com/maps?cid=17353258494702394345,https://m.facebook.com/www.princessedelaroute.fr/,,Medium,5.0,32,"5.0★ from 32 Google reviews; relies on social media only (link on Maps listing; own-site check pending). A site could show licence packages, prices and enrolment form.",Google Maps (social link on listing)
41,Soukeina Beauty,Hair salon / barber,Monastir,Monastir,العنوان: Karaïa 5000,+216 98 296 926,,Social media only,,https://www.google.com/maps?cid=7649994242447025840,,https://www.instagram.com/soukeina_beauty,Medium,5.0,31,"5.0★ from 31 Google reviews; relies on social media only (link on Maps listing; own-site check pending). A site could show services & prices, gallery and appointment booking.",Google Maps (social link on listing)
42,Wael OPTICS BOUSSAID,Optician,Monastir,Monastir,"العنوان: QRCC+4HJ, Monastir",+216 27 422 727,,Social media only,,https://www.google.com/maps?cid=7200454862845821636,,https://www.instagram.com/wael_optics_boussaid_wael/,Medium,5.0,27,"5.0★ from 27 Google reviews; relies on social media only (link on Maps listing; own-site check pending). A site could show brands/catalogue, services and location.",Google Maps (social link on listing)
43,Bucks Coffee,Café,Monastir,Monastir,QRC8+MX5، المنستير,+216 22 787 151,,Social media only,,https://www.google.com/maps?cid=14335208290290895198,,https://www.instagram.com/bucks_coffee_by_maf/,Medium,4.7,26,"4.7★ from 26 Google reviews; relies on social media only (link on Maps listing; own-site check pending). A site could show menu, photos, events and location page.",Google Maps (social link on listing)
44,Pâtisserie El Bahri,Bakery / pastry shop,Monastir,Monastir,"العنوان: a côté de mosquée Bourguiba, Beb lekram, Monastir 5000",+216 95 857 777,,Social media only,,https://www.google.com/maps?cid=11526025476084685711,https://www.facebook.com/share/158Ftb2RLR/,,Medium,4.9,24,"4.9★ from 24 Google reviews; relies on social media only (link on Maps listing; own-site check pending). A site could show product catalogue (cakes, wedding/event orders) and order contact.",Google Maps (social link on listing)
45,Docteur Maram Slama,Dental clinic,Monastir,Monastir,"العنوان: immeuble Monastir Médical, Av. du combattant suprême, Monastir 5000",+216 73 427 687,,Social media only,,https://www.google.com/maps?cid=17660488443802036105,,https://www.instagram.com/dr_maram_slama/,Medium,5.0,22,"5.0★ from 22 Google reviews; relies on social media only (link on Maps listing; own-site check pending). A site could show services, doctor profile, CNAM info and appointment booking.",Google Maps (social link on listing)
46,Café Sidi Bousaïd - Monastir,Restaurant,Monastir,Monastir,المنستير 5000,+216 52 088 914,,Website unclear,,https://www.google.com/maps?cid=16937924647812059651,,,Low,3.5,720,"3.5★ from 720 Google reviews; no website on Google Maps; web check not done yet. A site could show menu, photos, opening hours and reservation/WhatsApp booking.",Google Maps
47,Café La Falaise,Café,Monastir,Monastir,QRJ8+4V9، المنستير,+216 56 772 772,,Social media only,,https://www.google.com/maps?cid=15829004321616096679,https://facebook.com/lafalaisecafe/,,Low,2.9,559,"2.9★ from 559 Google reviews; relies on social media only (link on Maps listing; own-site check pending). A site could show menu, photos, events and location page.",Google Maps (social link on listing)
48,Pâtisserie Le Pacha,Bakery / pastry shop,Monastir,Monastir,"العنوان: immeuble Le Pacha, Av. des martyrs، المنستير 5000",+216 53 775 233,,Website unclear,,https://www.google.com/maps?cid=4290312497602102402,,,Low,3.8,258,"3.8★ from 258 Google reviews; no website on Google Maps; web check not done yet. A site could show product catalogue (cakes, wedding/event orders) and order contact.",Google Maps
49,La Scala,Restaurant,Monastir,Monastir,المنستير,+216 28 401 411,,Website unclear,,https://www.google.com/maps?cid=5161314356476571232,,,Low,3.9,188,"3.9★ from 188 Google reviews; no website on Google Maps; web check not done yet. A site could show menu, photos, opening hours and reservation/WhatsApp booking.",Google Maps
50,Cafe Tour La Falaise,Café,Monastir,Monastir,المنستير,+216 29 400 097,,Website unclear,,https://www.google.com/maps?cid=6585750392624849360,,,Low,2.7,169,"2.7★ from 169 Google reviews; no website on Google Maps; web check not done yet. A site could show menu, photos, events and location page.",Google Maps
51,Skanès-Palmier Café Resto,Café,Monastir,Monastir,QQHR+83V، المنستير,+216 50 480 844,,Website unclear,,https://www.google.com/maps?cid=18364017023400121936,,,Low,3.7,112,"3.7★ from 112 Google reviews; no website on Google Maps; web check not done yet. A site could show menu, photos, events and location page.",Google Maps
52,Hammadi Abid,Clothing store,Monastir,Monastir,العنوان: QRF2+3H8، المنستير,+216 73 908 301,,Website unclear,,https://www.google.com/maps?cid=3795639321829749787,,,Low,3.8,107,3.8★ from 107 Google reviews; no website on Google Maps; web check not done yet. A site could show collection lookbook and contact.,Google Maps
53,Raffino's,Bakery / pastry shop,Monastir,Monastir,"العنوان: boulevard du 14 janvier, Monastir",+216 58 745 745,,Website unclear,,https://www.google.com/maps?cid=3628266488957758196,,,Low,3.5,92,"3.5★ from 92 Google reviews; no website on Google Maps; web check not done yet. A site could show product catalogue (cakes, wedding/event orders) and order contact.",Google Maps
54,Hammam & spa sidi bou said,Medical / aesthetic clinic,Monastir,Monastir,"QRFG+GCF, Monastir",+216 54 451 009,,Website unclear,,https://www.google.com/maps?cid=9723340237555351613,,,Low,3.9,86,"3.9★ from 86 Google reviews; no website on Google Maps; web check not done yet. A site could show services, practitioner profile and appointment booking.",Google Maps
55,La Fiesta,Bakery / pastry shop,Monastir,Monastir,العنوان: المنستير,+216 21 211 852,,Social media only,,https://www.google.com/maps?cid=11293065278059747034,,https://www.instagram.com/patisserie_lafiesta_monastir,Low,3.9,77,"3.9★ from 77 Google reviews; relies on social media only (link on Maps listing; own-site check pending). A site could show product catalogue (cakes, wedding/event orders) and order contact.",Google Maps (social link on listing)
56,Espace La Vallée,Other local business,Monastir,Monastir,"العنوان: QQ9Q+4QH, Monastir",+216 58 488 888,,Social media only,,https://www.google.com/maps?cid=180550386761982957,https://www.facebook.com/La-Vall%C3%A9e-1481471508631242/,,Low,3.5,62,"3.5★ from 62 Google reviews; relies on social media only (link on Maps listing; own-site check pending). A site could show business profile, services and contact.",Google Maps (social link on listing)
57,Salle des fêtes La Royale,Wedding / event venue,Monastir,Monastir,PPPR+9JX، الساحلين,+216 22 756 111,,Website unclear,,https://www.google.com/maps?cid=9539669114511714315,,,Low,3.4,48,"3.4★ from 48 Google reviews; no website on Google Maps; web check not done yet. A site could show hall capacity, photo gallery, packages and availability requests.",Google Maps
58,Manel Ghomrassi Make-up Artist,Hair salon / barber,Monastir,Monastir,"العنوان: QRJ2+2XX, Avenue Hédi Nouira, Monastir",+216 52 611 434,,Website unclear,,https://www.google.com/maps?cid=14991959143885391202,,,Low,3.7,37,"3.7★ from 37 Google reviews; no website on Google Maps; web check not done yet. A site could show services & prices, gallery and appointment booking.",Google Maps
59,VITA VET cabinet vétérinaire Dr. Farouk.KHEFACHA,Medical / aesthetic clinic,Monastir,Monastir,"العنوان: QR92+J2J près de la zone de la garde nationale, Avenue Ibn Jazzar, Monastir",+216 96 140 888,,Website unclear,,https://www.google.com/maps?cid=7955606952651173728,,,Low,5.0,37,"5.0★ from 37 Google reviews; no website on Google Maps; web check not done yet. A site could show services, practitioner profile and appointment booking.",Google Maps
60,Patisserie Restaurant Zamzem,Bakery / pastry shop,Monastir,Monastir,العنوان: QRCH+7C5، المنستير,+216 54 121 204,,Website unclear,,https://www.google.com/maps?cid=10485734673942241879,,,Low,4.2,36,"4.2★ from 36 Google reviews; no website on Google Maps; web check not done yet. A site could show product catalogue (cakes, wedding/event orders) and order contact.",Google Maps
61,The Blues Café-Resto,Restaurant,Monastir,Monastir,QR9Q+Q49، المنستير 5000,+216 31 168 168,,Website unclear,,https://www.google.com/maps?cid=17216743753996711799,,,Low,4.4,35,"4.4★ from 35 Google reviews; no website on Google Maps; web check not done yet. A site could show menu, photos, opening hours and reservation/WhatsApp booking.",Google Maps
62,ONA Beauty Center,Beauty salon / spa,Monastir,Monastir,"Résidence de la la Falaise, Monastir 5000",+216 29 040 900,,Website unclear,,https://www.google.com/maps?cid=17972463396744809920,,,Low,4.6,35,"4.6★ from 35 Google reviews; no website on Google Maps; web check not done yet. A site could show service menu, prices, gallery and booking.",Google Maps
63,Hlila rent car,Car rental,Monastir,Monastir,العنوان: المنستير 5000,+216 24 200 450,,Website unclear,,https://www.google.com/maps?cid=7663601000825115734,,,Low,5.0,34,"5.0★ from 34 Google reviews; no website on Google Maps; web check not done yet. A site could show fleet, prices and online booking (tourists/airport customers).",Google Maps
64,Pavarotti Monastir,Bakery / pastry shop,Monastir,Monastir,"العنوان: QR6C+VQW, Monastir",+216 73 460 015,,Website unclear,,https://www.google.com/maps?cid=2921734393640301081,,,Low,4.8,34,"4.8★ from 34 Google reviews; no website on Google Maps; web check not done yet. A site could show product catalogue (cakes, wedding/event orders) and order contact.",Google Maps
65,TOPOMAP GEOMETRE EXPERT AGREE TOPOGRAPHE ABDELHALIM SKHIRI,Industrial / services company,Monastir,Monastir,"العنوان: Skanes Meubles, Monastir 5000",+216 50 075 713,,Website unclear,,https://www.google.com/maps?cid=4646423982421245322,,,Low,5.0,32,"5.0★ from 32 Google reviews; no website on Google Maps; web check not done yet. A site could show company profile, products/services and contact.",Google Maps
66,Clinique vétérinaire la falaise,Veterinary clinic,Monastir,Monastir,العنوان: Route de la Falaise، المنستير 5000,+216 29 923 001,,Website unclear,,https://www.google.com/maps?cid=15222355858781629153,,,Low,4.4,32,"4.4★ from 32 Google reviews; no website on Google Maps; web check not done yet. A site could show services, emergency contact and appointment booking.",Google Maps
67,MBM Rent Car Cap Marina Monastir Tunisie,Car rental,Monastir,Monastir,"العنوان: Skanes Meubles, Monastir cap marina Monastir, Monastir 5000",+216 97 255 328,,Website unclear,,https://www.google.com/maps?cid=8161415247251611868,,,Low,4.2,31,"4.2★ from 31 Google reviews; no website on Google Maps; web check not done yet. A site could show fleet, prices and online booking (tourists/airport customers).",Google Maps
68,Cabinet Dentaire Dr Madiha Ben Sassia Benzarti,Dental clinic,Monastir,Monastir,"العنوان: avenue TAEIB MHIRI, IMMEUBLE ROKBANI 2, 5000",+216 58 245 231,,Website unclear,,https://www.google.com/maps?cid=1476013050718553583,,,Low,4.5,31,"4.5★ from 31 Google reviews; no website on Google Maps; web check not done yet. A site could show services, doctor profile, CNAM info and appointment booking.",Google Maps
69,Pâtisserie le prince,Bakery / pastry shop,Monastir,Monastir,"العنوان: Immeuble Fattouma 001, Av. du Golf Arabe, Monastir 5000",+216 21 720 695,,Website unclear,,https://www.google.com/maps?cid=15526600190372340805,,,Low,4.0,29,"4.0★ from 29 Google reviews; no website on Google Maps; web check not done yet. A site could show product catalogue (cakes, wedding/event orders) and order contact.",Google Maps
70,HEJER CHOUCHENE,Bakery / pastry shop,Monastir,Monastir,"العنوان: 5000, immeuble Amel, boulvard de l'environnement, Monastir",+216 29 887 130,,Website unclear,,https://www.google.com/maps?cid=2630051690108585588,,,Low,4.4,29,"4.4★ from 29 Google reviews; no website on Google Maps; web check not done yet. A site could show product catalogue (cakes, wedding/event orders) and order contact.",Google Maps
71,TESLA-RENT-CAR,Car rental,Monastir,Monastir,"العنوان: QRFP+83H, Unnamed Road, Monastir",+216 21 119 123,,Website unclear,,https://www.google.com/maps?cid=14693950224977219894,,,Low,4.9,28,"4.9★ from 28 Google reviews; no website on Google Maps; web check not done yet. A site could show fleet, prices and online booking (tourists/airport customers).",Google Maps
72,Excursion l'île kuriat bateau Soltan monastir,Travel agency / excursions,Monastir,Monastir,"العنوان: QRHM+C7P Skanes Meubles, Monastir 5000",+216 99 750 046,,Website unclear,,https://www.google.com/maps?cid=18280699353890977789,,,Low,4.6,28,"4.6★ from 28 Google reviews; no website on Google Maps; web check not done yet. A site could show offers/packages, Omra/visa services and enquiry form.",Google Maps
73,location vetements traditionnels,Clothing store,Monastir,Monastir,العنوان: المنستير 5000,+216 55 486 170,,Website unclear,,https://www.google.com/maps?cid=734306125547882641,,,Low,5.0,28,5.0★ from 28 Google reviews; no website on Google Maps; web check not done yet. A site could show collection lookbook and contact.,Google Maps
74,Pâtisserie Onsaveur,Bakery / pastry shop,Monastir,Monastir,"العنوان: Bab Essour, Monastir 5000",+216 99 891 819,,Website unclear,,https://www.google.com/maps?cid=8848444889900040863,,,Low,4.9,27,"4.9★ from 27 Google reviews; no website on Google Maps; web check not done yet. A site could show product catalogue (cakes, wedding/event orders) and order contact.",Google Maps
75,Maison Madame Hachicha Monastir,Bakery / pastry shop,Monastir,Monastir,"العنوان: QRCF+MR, Av. du combattant suprême, Monastir 5000",+216 54 533 003,,Website unclear,,https://www.google.com/maps?cid=12054386975656340282,,,Low,4.1,26,"4.1★ from 26 Google reviews; no website on Google Maps; web check not done yet. A site could show product catalogue (cakes, wedding/event orders) and order contact.",Google Maps
76,حلويات الانصاري,Bakery / pastry shop,Monastir,Monastir,"العنوان: Monastir centre, Monastir 5000",+216 95 203 007,,Website unclear,,https://www.google.com/maps?cid=1913956788331023976,,,Low,4.4,25,"4.4★ from 25 Google reviews; no website on Google Maps; web check not done yet. A site could show product catalogue (cakes, wedding/event orders) and order contact.",Google Maps
77,Kawargi,Clothing store,Monastir,Monastir,العنوان: نهج عبد القادر محلة، المنستير,+216 29 402 217,,Website unclear,,https://www.google.com/maps?cid=10514204617119294246,,,Low,3.8,25,3.8★ from 25 Google reviews; no website on Google Maps; web check not done yet. A site could show collection lookbook and contact.,Google Maps
78,Skanes Palm,Restaurant,Monastir,Monastir,QP5P+78Q، المنستير,+216 97 888 884,,Website unclear,,https://www.google.com/maps?cid=8550076879114619610,,,Low,4.6,25,"4.6★ from 25 Google reviews; no website on Google Maps; web check not done yet. A site could show menu, photos, opening hours and reservation/WhatsApp booking.",Google Maps
79,Nadia hellara coiffure,Hair salon / barber,Monastir,Monastir,"العنوان: 5000, Monastir 5000",+216 25 533 664,,Website unclear,,https://www.google.com/maps?cid=5009747888363414568,,,Low,4.8,24,"4.8★ from 24 Google reviews; no website on Google Maps; web check not done yet. A site could show services & prices, gallery and appointment booking.",Google Maps
80,Optimall Monastir,Optician,Monastir,Monastir,"العنوان: QR4F+5PH, Monastir",+216 73 409 757,,Website unclear,,https://www.google.com/maps?cid=7846773691964115992,,,Low,5.0,23,"5.0★ from 23 Google reviews; no website on Google Maps; web check not done yet. A site could show brands/catalogue, services and location.",Google Maps
81,Auto Ecole Kalboussi,Driving school,Monastir,Monastir,"1956 Av. 18 janvier 1952, Monastir 5000",+216 22 688 614,,Website unclear,,https://www.google.com/maps?cid=4770026903848922748,,,Low,5.0,22,"5.0★ from 22 Google reviews; no website on Google Maps; web check not done yet. A site could show licence packages, prices and enrolment form.",Google Maps
82,Verdi’s coffee shop,Café,Monastir,Monastir,المنستير 5000,+216 29 509 930,,Website unclear,,https://www.google.com/maps?cid=2079109687279610239,,,Low,4.6,22,"4.6★ from 22 Google reviews; no website on Google Maps; web check not done yet. A site could show menu, photos, events and location page.",Google Maps
83,Patisserie Traditionnelle Kallel,Bakery / pastry shop,Monastir,Monastir,"العنوان: QRF8+2Q7, Monastir",+216 98 452 707,,Website unclear,,https://www.google.com/maps?cid=1874740724815334238,,,Low,3.9,21,"3.9★ from 21 Google reviews; no website on Google Maps; web check not done yet. A site could show product catalogue (cakes, wedding/event orders) and order contact.",Google Maps
84,Pâtisserie La Mirabelle,Bakery / pastry shop,Monastir,Monastir,"العنوان: Rue 1 juin 1955, Monastir 5000",+216 56 690 650,,Social media only,,https://www.google.com/maps?cid=10786164710668788906,https://www.facebook.com/mirabellemonastir/,,Low,3.1,21,"3.1★ from 21 Google reviews; relies on social media only (link on Maps listing; own-site check pending). A site could show product catalogue (cakes, wedding/event orders) and order contact.",Google Maps (social link on listing)
85,L'Escale,Café,Monastir,Monastir,QRCG+MH5، المنستير,+216 73 460 012,,Website unclear,,https://www.google.com/maps?cid=15095923995056396314,,,Low,4.8,21,"4.8★ from 21 Google reviews; no website on Google Maps; web check not done yet. A site could show menu, photos, events and location page.",Google Maps
86,Info Point (Print) Tarak Trimech,Other local business,Monastir,Monastir,"العنوان: Rue Rue 1 juin 1955, Monastir 5000",+216 20 555 171,,Website unclear,,https://www.google.com/maps?cid=10009969763208639903,,,Low,4.6,20,"4.6★ from 20 Google reviews; no website on Google Maps; web check not done yet. A site could show business profile, services and contact.",Google Maps
87,Café Rafflesia,Café,Monastir,Monastir,المنستير,+216 58 075 123,,Website unclear,,https://www.google.com/maps?cid=6677235672147023039,,,Low,4.7,20,"4.7★ from 20 Google reviews; no website on Google Maps; web check not done yet. A site could show menu, photos, events and location page.",Google Maps
88,Salon de coiffure Sahbi,Hair salon / barber,Monastir,Monastir,"العنوان: dernière la bibliothèque municipale, Rue De La Liberté, Monastir 5000",+216 26 180 540,,Website unclear,,https://www.google.com/maps?cid=7745309122848225716,,,Low,4.6,19,"4.6★ from 19 Google reviews; no website on Google Maps; web check not done yet. A site could show services & prices, gallery and appointment booking.",Google Maps
89,Salle de fêtes saida,Wedding / event venue,Monastir,Monastir,العنوان: المنستير,+216 98 239 970,,Social media only,,https://www.google.com/maps?cid=11666270549384918302,https://web.facebook.com/profile.php?id=61564985768600,,Low,4.0,18,"4.0★ from 18 Google reviews; relies on social media only (link on Maps listing; own-site check pending). A site could show hall capacity, photo gallery, packages and availability requests.",Google Maps (social link on listing)
90,Bateaux Sultan excursion Îles KURIATS,Travel agency / excursions,Monastir,Monastir,"العنوان: Marina Cap, Skanes Meubles, Monastir 5000",+216 98 827 140,,Website unclear,,https://www.google.com/maps?cid=12846014945419592665,,,Low,2.7,18,"2.7★ from 18 Google reviews; no website on Google Maps; web check not done yet. A site could show offers/packages, Omra/visa services and enquiry form.",Google Maps
91,Cabinet dentaire Dr Khalil Ben Mustapha,Dental clinic,Monastir,Monastir,العنوان: شارع 18 جانفي 1952، المنستير 5000,+216 28 196 000,,Website unclear,,https://www.google.com/maps?cid=7466258255614571467,,,Low,5.0,17,"5.0★ from 17 Google reviews; no website on Google Maps; web check not done yet. A site could show services, doctor profile, CNAM info and appointment booking.",Google Maps
92,espace rabeb coiff,Hair salon / barber,Monastir,Monastir,المنستير,+216 53 585 332,,Website unclear,,https://www.google.com/maps?cid=13976168555064780080,,,Low,4.5,17,"4.5★ from 17 Google reviews; no website on Google Maps; web check not done yet. A site could show services & prices, gallery and appointment booking.",Google Maps
93,Holma Optique,Optician,Monastir,Monastir,"العنوان: Avenue Combattant suprême, Rue Kairouan, Monastir 5000",+216 51 206 026,,Website unclear,,https://www.google.com/maps?cid=13357054147104417065,,,Low,3.8,16,"3.8★ from 16 Google reviews; no website on Google Maps; web check not done yet. A site could show brands/catalogue, services and location.",Google Maps
94,Labben pneus services monastir,Car parts & accessories,Monastir,Monastir,المنستير 5000,+216 52 134 328,,Website unclear,,https://www.google.com/maps?cid=1840278495938732378,,,Low,4.4,16,4.4★ from 16 Google reviews; no website on Google Maps; web check not done yet. A site could show product catalogue and contact.,Google Maps
95,Ste Electro Araoud. Samsung.,Computer / phone shop,Monastir,Monastir,"QR7G+W7W, Monastir",+216 73 447 707,,Social media only,,https://www.google.com/maps?cid=18405729731007304997,https://www.facebook.com/Electro.Araoud/,,Low,3.4,16,"3.4★ from 16 Google reviews; relies on social media only (link on Maps listing; own-site check pending). A site could show products, repair services and contact.",Google Maps (social link on listing)
96,Miralis Spa,Beauty salon / spa,Monastir,Monastir,"QR8H+WHR, Monastir 5000",+216 24 255 523,,Website unclear,,https://www.google.com/maps?cid=6842090429641395002,,,Low,3.4,16,"3.4★ from 16 Google reviews; no website on Google Maps; web check not done yet. A site could show service menu, prices, gallery and booking.",Google Maps
97,Jiji nails & lashes,Beauty salon / spa,Monastir,Monastir,"QR8H+X9G, Monastir",+216 53 381 339,,Website unclear,,https://www.google.com/maps?cid=7034754794135583680,,,Low,4.6,16,"4.6★ from 16 Google reviews; no website on Google Maps; web check not done yet. A site could show service menu, prices, gallery and booking.",Google Maps
98,Laboratoire d'analyses médicales Salem Ben Hassen,Medical / aesthetic clinic,Monastir,Monastir,"Av. 18 janvier 1952, Monastir 5000",+216 73 460 274,,Website unclear,,https://www.google.com/maps?cid=9254148477091476732,,,Low,4.9,16,"4.9★ from 16 Google reviews; no website on Google Maps; web check not done yet. A site could show services, practitioner profile and appointment booking.",Google Maps
99,S-Factory Premium,Gym / fitness,Monastir,Monastir,العنوان: QRCQ+W3M، المنستير,+216 52 222 272,,Website unclear,,https://www.google.com/maps?cid=9365798492683171432,,,Low,4.9,15,"4.9★ from 15 Google reviews; no website on Google Maps; web check not done yet. A site could show memberships, class schedule and trainer profiles.",Google Maps
100,Agence Immobilière Zili Monastir,Real-estate agency,Monastir,Monastir,"العنوان: QRCG+QC3, Rue Mohammed Slim, Bchir",+216 97 772 607,,Website unclear,,https://www.google.com/maps?cid=11153373770502011056,,,Low,5.0,15,5.0★ from 15 Google reviews; no website on Google Maps; web check not done yet. A site could show property listings and contact forms.,Google Maps
101,Dr Bagga Jamila Cabinet de Chirurgie Orale & Implantologie,Dental clinic,Monastir,Monastir,"العنوان: QRCH+6GJ, Av. 18 janvier 1952, Monastir",+216 52 807 180,,Website unclear,,https://www.google.com/maps?cid=9668097565993544272,,,Low,5.0,15,"5.0★ from 15 Google reviews; no website on Google Maps; web check not done yet. A site could show services, doctor profile, CNAM info and appointment booking.",Google Maps
102,ZIDI OPTIQUE,Optician,Monastir,Monastir,"العنوان: Av. du combattant suprême, Monastir 5000",+216 55 581 778,,Social media only,,https://www.google.com/maps?cid=16980242387397346774,https://web.facebook.com/ZIDI-Optique-321580508035657/,,Low,4.9,15,"4.9★ from 15 Google reviews; relies on social media only (link on Maps listing; own-site check pending). A site could show brands/catalogue, services and location.",Google Maps (social link on listing)
103,Sf visual solutions,Photography studio,Monastir,Monastir,"العنوان: Rue 18 janvier, Monastir 5000",+216 29 136 024,,Social media only,,https://www.google.com/maps?cid=3392078120220043014,,https://www.instagram.com/sf.visualsolutions,Low,5.0,15,5.0★ from 15 Google reviews; relies on social media only (link on Maps listing; own-site check pending). A site could show portfolio and booking packages.,Google Maps (social link on listing)
104,Liberty Car Monastir,Car rental,Monastir,Monastir,"العنوان: El Karaîa route de la Corniche Monastir Monastir, 5000",+216 98 318 929,,Website unclear,,https://www.google.com/maps?cid=11249542003135614494,,,Low,4.1,14,"4.1★ from 14 Google reviews; no website on Google Maps; web check not done yet. A site could show fleet, prices and online booking (tourists/airport customers).",Google Maps
105,Patisserie Gourmandise Ghezouani,Bakery / pastry shop,Monastir,Monastir,"العنوان: QRCF+C62, Av. du combattant suprême, Monastir",+216 22 866 259,,Social media only,,https://www.google.com/maps?cid=12759767020936448947,https://www.facebook.com/groups/473093182754689/,,Low,4.7,14,"4.7★ from 14 Google reviews; relies on social media only (link on Maps listing; own-site check pending). A site could show product catalogue (cakes, wedding/event orders) and order contact.",Google Maps (social link on listing)
106,Coconing Monastir,Beauty salon / spa,Monastir,Monastir,"العنوان: Borj Khfecha, Skanes Meubles, Monastir 5000",+216 24 374 977,,Social media only,,https://www.google.com/maps?cid=9336200724258558716,http://facebook.com/coconing.monastir,,Low,3.4,13,"3.4★ from 13 Google reviews; relies on social media only (link on Maps listing; own-site check pending). A site could show service menu, prices, gallery and booking.",Google Maps (social link on listing)
107,Fit & Fun Gym,Gym / fitness,Monastir,Monastir,"العنوان: Rue Salem Bchir- Derrière la gare, 5000 Monastir, Tunisia، المنستير",+216 22 918 355,,Social media only,,https://www.google.com/maps?cid=4405919633711148169,http://www.facebook.com/pages/Fit-Fun/300829976696558,,Low,3.6,13,"3.6★ from 13 Google reviews; relies on social media only (link on Maps listing; own-site check pending). A site could show memberships, class schedule and trainer profiles.",Google Maps (social link on listing)
108,Cabinet dentaire Dr Syrine Boukhris,Dental clinic,Monastir,Monastir,"العنوان: Modern Medical Center, Rue Mohamed Mhalla Près de Chu Fattouma Bourguiba, Monastir 5000",+216 22 509 309,,Website unclear,,https://www.google.com/maps?cid=9534134591325269220,,,Low,5.0,13,"5.0★ from 13 Google reviews; no website on Google Maps; web check not done yet. A site could show services, doctor profile, CNAM info and appointment booking.",Google Maps
109,Clinique Essouani,Medical / aesthetic clinic,Monastir,Monastir,"QRG8+9RM, Monastir",+216 73 907 350,,Website unclear,,https://www.google.com/maps?cid=16195063796368272915,,,Low,4.3,13,"4.3★ from 13 Google reviews; no website on Google Maps; web check not done yet. A site could show services, practitioner profile and appointment booking.",Google Maps
110,2Bro Rentals,Car rental,Monastir,Monastir,"العنوان: 14 JANVIER, Monastir 5000",+216 20 140 857,,Website unclear,,https://www.google.com/maps?cid=6191403138886731233,,,Low,4.3,12,"4.3★ from 12 Google reviews; no website on Google Maps; web check not done yet. A site could show fleet, prices and online booking (tourists/airport customers).",Google Maps
111,Meublatex Monastir,Furniture / home & appliances,Monastir,Monastir,العنوان: C100e,+216 73 505 206,,Website unclear,,https://www.google.com/maps?cid=14953410375112119436,,,Low,4.0,12,4.0★ from 12 Google reviews; no website on Google Maps; web check not done yet. A site could show product catalogue and showroom info.,Google Maps
112,Cabinet Dentaire Dr. Amal Ghédira,Dental clinic,Monastir,Monastir,"العنوان: Immeuble Safta, Av. de la republique, Monastir 5000",+216 20 404 547,,Website unclear,,https://www.google.com/maps?cid=6445988469152446782,,,Low,5.0,12,"5.0★ from 12 Google reviews; no website on Google Maps; web check not done yet. A site could show services, doctor profile, CNAM info and appointment booking.",Google Maps
113,Altesse,Clothing store,Monastir,Monastir,"العنوان: Avenue de la République, Monastir",+216 24 575 575,,Website unclear,,https://www.google.com/maps?cid=10185951120519963492,,,Low,3.3,12,3.3★ from 12 Google reviews; no website on Google Maps; web check not done yet. A site could show collection lookbook and contact.,Google Maps
114,CAP GYM,Gym / fitness,Monastir,Monastir,"العنوان: Skanes Meubles, Monastir 5000",+216 23 717 090,,Social media only,,https://www.google.com/maps?cid=229525114334372732,https://www.facebook.com/capgymmonastir/,,Low,4.5,11,"4.5★ from 11 Google reviews; relies on social media only (link on Maps listing; own-site check pending). A site could show memberships, class schedule and trainer profiles.",Google Maps (social link on listing)
115,Maram Fitness Centre,Gym / fitness,Monastir,Monastir,"العنوان: QR6F+5VM, Monastir",+216 73 461 500,,Social media only,,https://www.google.com/maps?cid=12838779002141606451,https://www.facebook.com/Maram-Fitness-centre-520445118010008/,,Low,4.7,11,"4.7★ from 11 Google reviews; relies on social media only (link on Maps listing; own-site check pending). A site could show memberships, class schedule and trainer profiles.",Google Maps (social link on listing)
116,Cardio gym,Gym / fitness,Monastir,Monastir,"العنوان: QR85+VH5, Monastir",+216 55 688 828,,Website unclear,,https://www.google.com/maps?cid=7361404108351064770,,,Low,3.0,11,"3.0★ from 11 Google reviews; no website on Google Maps; web check not done yet. A site could show memberships, class schedule and trainer profiles.",Google Maps
117,Yati Halawiat - Mongia Zaddem,Bakery / pastry shop,Monastir,Monastir,"العنوان: QRC8+CF4, Monastir 5000",+216 50 441 907,,Website unclear,,https://www.google.com/maps?cid=1993075270320315809,,,Low,4.4,11,"4.4★ from 11 Google reviews; no website on Google Maps; web check not done yet. A site could show product catalogue (cakes, wedding/event orders) and order contact.",Google Maps
118,Espace de Fêtes La Falaise,Wedding / event venue,Monastir,Monastir,العنوان: المنستير,+216 98 606 909,,Website unclear,,https://www.google.com/maps?cid=5370129167920969314,,,Low,2.9,11,"2.9★ from 11 Google reviews; no website on Google Maps; web check not done yet. A site could show hall capacity, photo gallery, packages and availability requests.",Google Maps
119,Imprimerie i-Print,Printing,Monastir,Monastir,"العنوان: QR73+4R7, Monastir",+216 97 851 894,,Website unclear,,https://www.google.com/maps?cid=18198224021411900953,,,Low,3.5,11,3.5★ from 11 Google reviews; no website on Google Maps; web check not done yet. A site could show service catalogue and quote requests.,Google Maps
120,Bergaoui Prod,Photography studio,Monastir,Monastir,"العنوان: QRCC+7V6, Monastir",+216 54 115 812,,Social media only,,https://www.google.com/maps?cid=3792344712920394019,,https://www.instagram.com/bergaoui_prod_photographe,Low,4.8,10,4.8★ from 10 Google reviews; relies on social media only (link on Maps listing; own-site check pending). A site could show portfolio and booking packages.,Google Maps (social link on listing)
121,Janna Palace,Wedding / event venue,Monastir,Monastir,"العنوان: Av. de la République, Monastir 5000",+216 54 123 123,,Website unclear,,https://www.google.com/maps?cid=10915503203250337283,,,Low,3.4,10,"3.4★ from 10 Google reviews; no website on Google Maps; web check not done yet. A site could show hall capacity, photo gallery, packages and availability requests.",Google Maps
122,Modies,Clothing store,Monastir,Monastir,"العنوان: QRC9+2CX, Unnamed Road, Monastir",+216 55 520 795,,Website unclear,,https://www.google.com/maps?cid=5682590671673770152,,,Low,4.8,10,4.8★ from 10 Google reviews; no website on Google Maps; web check not done yet. A site could show collection lookbook and contact.,Google Maps
123,Zohra beauty center,Beauty salon / spa,Monastir,Monastir,"Rue 1 juin 1955, Monastir 5000",+216 98 229 021,,Website unclear,,https://www.google.com/maps?cid=9286001356755408246,,,Low,4.7,10,"4.7★ from 10 Google reviews; no website on Google Maps; web check not done yet. A site could show service menu, prices, gallery and booking.",Google Maps
124,Garage Lansariauto,Auto repair / service,Monastir,Monastir,المنستير 5000,+216 54 883 219,,Social media only,,https://www.google.com/maps?cid=4108505153760205917,,https://www.instagram.com/lansari_auto,Low,5.0,10,"5.0★ from 10 Google reviews; relies on social media only (link on Maps listing; own-site check pending). A site could show services, diagnostics offer and quote requests.",Google Maps (social link on listing)
125,Venezia Leisure Park,Leisure / entertainment,Bekalta,Monastir,"5090, Bekalta 5090",+216 98 525 975,,No website found,,https://www.google.com/maps?cid=8582577663300037472,,,High,4.1,51,"4.1★ from 51 Google reviews; no website found on Maps or in web search. A site could show activities, prices and booking. Note: No web presence found beyond Maps.",Google Maps; WebSearch
126,Centre Venizia Salle Des Fetes L'ELEGANCE,Wedding / event venue,Bekalta,Monastir,"Rue Zbid, Bekalta 5090",+216 25 511 512,,Social media only,,https://www.google.com/maps?cid=5928946594651510645,https://www.facebook.com/Venizia25511512,,Low,3.8,54,"3.8★ from 54 Google reviews; relies on social media only (link on Maps listing; own-site check pending). A site could show hall capacity, photo gallery, packages and availability requests.",Google Maps (social link on listing)
127,Auto Services Jebali,Auto repair / service,Bekalta,Monastir,"Rue Bahri Brigui, Route de Mahdia, Bekalta 5090",+216 23 281 762,,Website unclear,,https://www.google.com/maps?cid=9479729824853046678,,,Low,5.0,11,"5.0★ from 11 Google reviews; no website on Google Maps; web check not done yet. A site could show services, diagnostics offer and quote requests.",Google Maps
128,BOUKHRISS Autos et Services,Auto repair / service,Bekalta,Monastir,"5090, Bekalta",+216 21 092 367,,Website unclear,,https://www.google.com/maps?cid=6439986618946321301,,,Low,4.3,10,"4.3★ from 10 Google reviews; no website on Google Maps; web check not done yet. A site could show services, diagnostics offer and quote requests.",Google Maps
129,TAOO’S FOOD,Restaurant,Bembla,Monastir,"PQ2W+6Q8, Bembla and Manarah",+216 92 919 888,,Social media only,,https://www.google.com/maps?cid=5054055288245618433,https://www.facebook.com/profile.php?id=61568305409137,,Low,4.5,11,"4.5★ from 11 Google reviews; relies on social media only (link on Maps listing; own-site check pending). A site could show menu, photos, opening hours and reservation/WhatsApp booking.",Google Maps (social link on listing)
130,Double-H,Restaurant,Bembla,Monastir,"MQVR+HX4, Bembla and Manarah",+216 54 550 290,,Website unclear,,https://www.google.com/maps?cid=13958377294567325885,,,Low,4.8,10,"4.8★ from 10 Google reviews; no website on Google Maps; web check not done yet. A site could show menu, photos, opening hours and reservation/WhatsApp booking.",Google Maps
131,Magasin Farah,Other local business,Beni Hassen,Monastir,HR96+F95، بني حسان,+216 22 176 931,,Website unclear,,https://www.google.com/maps?cid=1880133327510924328,,,Low,4.6,10,"4.6★ from 10 Google reviews; no website on Google Maps; web check not done yet. A site could show business profile, services and contact.",Google Maps
132,Patisserie Mme Fekih,Bakery / pastry shop,Bouhjar,Monastir,MVC7+2GV، بو حجر,+216 54 540 846,,Website unclear,,https://www.google.com/maps?cid=2819024134782268242,,,Low,3.7,18,"3.7★ from 18 Google reviews; no website on Google Maps; web check not done yet. A site could show product catalogue (cakes, wedding/event orders) and order contact.",Google Maps
133,Salle Des Fêtes Nahrawas,Wedding / event venue,Bouhjar,Monastir,Rue de l'environnement 5015 Bou hjar,+216 22 881 036,,Social media only,,https://www.google.com/maps?cid=18409604773717650240,http://www.facebook.com/salle.des.fetes.nahrawas,,Low,2.8,12,"2.8★ from 12 Google reviews; relies on social media only (link on Maps listing; own-site check pending). A site could show hall capacity, photo gallery, packages and availability requests.",Google Maps (social link on listing)
134,Pizzeria Ben Ahmed,Restaurant,Jemmal,Monastir,JQH9+9MF، جمال,+216 73 485 123,,No website found,,https://www.google.com/maps?cid=8588976286587066756,,,High,4.4,73,"4.4★ from 73 Google reviews; no website found on Maps or in web search. A site could show menu, photos, opening hours and reservation/WhatsApp booking. Note: Tripadvisor listing only.",Google Maps; WebSearch (Tripadvisor)
135,Pâtisserie Ben Ahmed,Bakery / pastry shop,Jemmal,Monastir,"JQF5+MFW, C 88, Jemmal",+216 73 483 766,,Social media only,,https://www.google.com/maps?cid=162618755008446793,https://www.facebook.com/p/P%C3%A2tisserie-Ben-Ahmed-100049474995688/,,High,4.2,63,"4.2★ from 63 Google reviews; relies on social media only. A site could show product catalogue (cakes, wedding/event orders) and order contact. Note: Operating since 1994; C88 Jemmal.",Google Maps; WebSearch (Facebook)
136,Maison Wassila,Hair salon / barber,Jemmal,Monastir,JQ82+5CW، جمال,+216 58 140 140,,Website unclear,,https://www.google.com/maps?cid=3395631767241878139,,,Medium,4.2,50,"4.2★ from 50 Google reviews; no website on Google Maps; web check not done yet. A site could show services & prices, gallery and appointment booking.",Google Maps
137,مقهى الجمهورية,Café,Jemmal,Monastir,"JQG6+7J5, Av. BECHIR SFAR, Jemmel",+216 73 482 725,,Website unclear,,https://www.google.com/maps?cid=14592484101735109880,,,Low,3.6,31,"3.6★ from 31 Google reviews; no website on Google Maps; web check not done yet. A site could show menu, photos, events and location page.",Google Maps
138,Henda Coiffure beauty center,Beauty salon / spa,Jemmal,Monastir,جمال,+216 52 806 244,,Website unclear,,https://www.google.com/maps?cid=17454506249151736936,,,Low,3.0,24,"3.0★ from 24 Google reviews; no website on Google Maps; web check not done yet. A site could show service menu, prices, gallery and booking.",Google Maps
139,Cafe Brigade,Café,Jemmal,Monastir,"5020 Monastir, 5020",+216 52 079 709,,Website unclear,,https://www.google.com/maps?cid=3863998363517205474,,,Low,5.0,21,"5.0★ from 21 Google reviews; no website on Google Maps; web check not done yet. A site could show menu, photos, events and location page.",Google Maps
140,RMB DESIGN JEMMEL,Construction / building,Jemmal,Monastir,"RUE HABIB BOURGUIBA, Jemmel 5020",+216 98 366 340,,Social media only,,https://www.google.com/maps?cid=14844758867923902779,https://www.facebook.com/rmb.portes/,,Low,2.6,20,2.6★ from 20 Google reviews; relies on social media only (link on Maps listing; own-site check pending). A site could show project portfolio and quote requests.,Google Maps (social link on listing)
141,TICTAC,Restaurant,Jemmal,Monastir,JQG6+9HP، جمال,+216 93 662 666,,Website unclear,,https://www.google.com/maps?cid=2789193435180503013,,,Low,4.4,18,"4.4★ from 18 Google reviews; no website on Google Maps; web check not done yet. A site could show menu, photos, opening hours and reservation/WhatsApp booking.",Google Maps
142,مطعم الذواق Dhawak,Restaurant,Jemmal,Monastir,"JQF5+FJ4, C 88, Jemmal",+216 96 338 705,,Website unclear,,https://www.google.com/maps?cid=18404149814843207143,,,Low,4.1,18,"4.1★ from 18 Google reviews; no website on Google Maps; web check not done yet. A site could show menu, photos, opening hours and reservation/WhatsApp booking.",Google Maps
143,Salle de fêtes Omezzine - Jemmal,Wedding / event venue,Jemmal,Monastir,"JP3X+6MG، Route de Zeramdine, C94، جمال 5020",+216 23 532 761,,Website unclear,,https://www.google.com/maps?cid=17346852605192440185,,,Low,4.4,18,"4.4★ from 18 Google reviews; no website on Google Maps; web check not done yet. A site could show hall capacity, photo gallery, packages and availability requests.",Google Maps
144,El Barco Fantastico,Restaurant,Jemmal,Monastir,JQG6+62F، جمال 5020,+216 99 999 540,,Website unclear,,https://www.google.com/maps?cid=5088938575962768473,,,Low,4.1,16,"4.1★ from 16 Google reviews; no website on Google Maps; web check not done yet. A site could show menu, photos, opening hours and reservation/WhatsApp booking.",Google Maps
145,Sesame Coffee Shop,Café,Jemmal,Monastir,"11 Av. des Martyrs, Jemmel",+216 53 869 675,,Website unclear,,https://www.google.com/maps?cid=12403767842074708282,,,Low,4.8,16,"4.8★ from 16 Google reviews; no website on Google Maps; web check not done yet. A site could show menu, photos, events and location page.",Google Maps
146,Patisserie Louzir,Bakery / pastry shop,Jemmal,Monastir,"JQF5+WHW, Av. des Martyrs, Jemmel",+216 73 487 788,,Website unclear,,https://www.google.com/maps?cid=1459349980764903292,,,Low,4.2,15,"4.2★ from 15 Google reviews; no website on Google Maps; web check not done yet. A site could show product catalogue (cakes, wedding/event orders) and order contact.",Google Maps
147,Mourad Chaieb info,Computer / phone shop,Jemmal,Monastir,"Rue bizerte, Jemmel 5020",+216 58 633 222,,Social media only,,https://www.google.com/maps?cid=2120418165035131592,http://www.facebook.com/groups/chinfo,,Low,4.6,15,"4.6★ from 15 Google reviews; relies on social media only (link on Maps listing; own-site check pending). A site could show products, repair services and contact.",Google Maps (social link on listing)
148,Societé Memmi Auto & Cie,Car parts & accessories,Jemmal,Monastir,"155 Rue Ibn Khaldoun, Jemmel 5020",+216 73 580 500,,Website unclear,,https://www.google.com/maps?cid=728387611663121148,,,Low,4.9,14,4.9★ from 14 Google reviews; no website on Google Maps; web check not done yet. A site could show product catalogue and contact.,Google Maps
149,Restaurant GRINGOS,Restaurant,Jemmal,Monastir,"JQF5+FJ4, C 88, Jemmal",+216 97 467 945,,Website unclear,,https://www.google.com/maps?cid=4947226906261855009,,,Low,4.3,12,"4.3★ from 12 Google reviews; no website on Google Maps; web check not done yet. A site could show menu, photos, opening hours and reservation/WhatsApp booking.",Google Maps
150,Fast Food Kayta - Chez Naoufel,Restaurant,Khniss,Monastir,PR98+6Q6، خنيس,+216 26 616 507,,Website unclear,,https://www.google.com/maps?cid=16163968672684889276,,,Low,4.5,10,"4.5★ from 10 Google reviews; no website on Google Maps; web check not done yet. A site could show menu, photos, opening hours and reservation/WhatsApp booking.",Google Maps
151,Mawazine Ksar Hellal,Wedding / event venue,Ksar Hellal,Monastir,"Rue Mohamed Bouslama, Ksar Hellal",+216 22 911 035,,Social media only,,https://www.google.com/maps?cid=14583499623568457574,https://www.facebook.com/mawazineksarhellal/,https://www.instagram.com/mawazine_salle_de_fete/,High,4.7,153,"4.7★ from 153 Google reviews; relies on social media only. A site could show hall capacity, photo gallery, packages and availability requests. Note: Wedding hall, 16k Instagram followers, Rue Mohamed Bouslama.","Google Maps; WebSearch (Facebook, Instagram)"
152,Gracia’s,Restaurant,Ksar Hellal,Monastir,"Av. Hadj Ali Soua, Ksar Hellal 5070",+216 52 504 544,,Social media only,,https://www.google.com/maps?cid=15484598504622949094,https://www.facebook.com/people/Gracias/100083406725826/,https://www.instagram.com/gracias_kh/,High,4.2,75,"4.2★ from 75 Google reviews; relies on social media only. A site could show menu, photos, opening hours and reservation/WhatsApp booking. Note: Crêperie; ~1k FB likes.","Google Maps; WebSearch (Facebook, Instagram)"
153,MonaLisa,Wedding / event venue,Ksar Hellal,Monastir,MV4Q+75W، قصر هلال 5070,+216 50 039 701,73455954 / 23514302 (zifef.com directory),Social media only,,https://www.google.com/maps?cid=17660635387327303590,https://www.facebook.com/p/Monaliza-Palace-Ksar-Hellal-100063578323754/,,High,4.1,60,"4.1★ from 60 Google reviews; relies on social media only. A site could show hall capacity, photo gallery, packages and availability requests. Note: Monalisa Palace wedding hall, 750 guests capacity; wedding directories only.","Google Maps; WebSearch (Facebook, zifef.com)"
154,Restaurant Ezzarda,Restaurant,Ksar Hellal,Monastir,MV3Q+8QH، قصر هلال,+216 97 890 766,,Website unclear,,https://www.google.com/maps?cid=9535516758332197493,,,Medium,4.4,45,"4.4★ from 45 Google reviews; no website on Google Maps; web check not done yet. A site could show menu, photos, opening hours and reservation/WhatsApp booking.",Google Maps
155,Papa Grill,Restaurant,Ksar Hellal,Monastir,"Av. Hadj Ali Soua, Ksar Hellal",+216 53 045 045,,Website unclear,,https://www.google.com/maps?cid=1348769886856120002,,,Medium,4.1,41,"4.1★ from 41 Google reviews; no website on Google Maps; web check not done yet. A site could show menu, photos, opening hours and reservation/WhatsApp booking.",Google Maps
156,Hollywood Restaurent Lounge,Restaurant,Ksar Hellal,Monastir,شارع الحبيب بورقيبة، قصر هلال 5040,+216 51 289 696,,Social media only,,https://www.google.com/maps?cid=17196299170329010791,,https://www.instagram.com/hollywoodresto,Medium,4.3,39,"4.3★ from 39 Google reviews; relies on social media only (link on Maps listing; own-site check pending). A site could show menu, photos, opening hours and reservation/WhatsApp booking.",Google Maps (social link on listing)
157,Fast Food Soltane,Restaurant,Ksar Hellal,Monastir,"JVXV+8VJ, Rue ali boughzala, Ksar Hellal",+216 56 911 911,,Social media only,,https://www.google.com/maps?cid=5458842368793453248,https://www.facebook.com/sultanefood,,Medium,4.8,38,"4.8★ from 38 Google reviews; relies on social media only (link on Maps listing; own-site check pending). A site could show menu, photos, opening hours and reservation/WhatsApp booking.",Google Maps (social link on listing)
158,Pâtisserie Fares - مرطبات فارس,Bakery / pastry shop,Ksar Hellal,Monastir,"Av. Hadj Ali Soua, Ksar Hellal 5070",+216 73 455 923,,Website unclear,,https://www.google.com/maps?cid=6073579565431998095,,,Low,3.3,169,"3.3★ from 169 Google reviews; no website on Google Maps; web check not done yet. A site could show product catalogue (cakes, wedding/event orders) and order contact.",Google Maps
159,Restaurant THE WISE,Restaurant,Ksar Hellal,Monastir,"Av. Habib Bourguiba, Ksar Hellal 5070",+216 52 555 400,,Website unclear,,https://www.google.com/maps?cid=2180768508509069813,,,Low,3.7,102,"3.7★ from 102 Google reviews; no website on Google Maps; web check not done yet. A site could show menu, photos, opening hours and reservation/WhatsApp booking.",Google Maps
160,MEDI SPA Tunisia,Medical / aesthetic clinic,Ksar Hellal,Monastir,"5070, Ksar Hellal 5070",+216 70 100 913,,Website unclear,,https://www.google.com/maps?cid=8498386054570692143,,,Low,3.1,61,"3.1★ from 61 Google reviews; no website on Google Maps; web check not done yet. A site could show services, practitioner profile and appointment booking.",Google Maps
161,Clinica noelle,Medical / aesthetic clinic,Ksar Hellal,Monastir,MV2J+CWJ، قصر هلال,+216 28 372 604,,Website unclear,,https://www.google.com/maps?cid=8464393530342936421,,,Low,3.6,51,"3.6★ from 51 Google reviews; no website on Google Maps; web check not done yet. A site could show services, practitioner profile and appointment booking.",Google Maps
162,Salle des Fête Selma,Wedding / event venue,Ksar Hellal,Monastir,MV4J+6HW، قصر هلال,+216 22 876 837,,Website unclear,,https://www.google.com/maps?cid=16824706547972223134,,,Low,3.9,40,"3.9★ from 40 Google reviews; no website on Google Maps; web check not done yet. A site could show hall capacity, photo gallery, packages and availability requests.",Google Maps
163,Salle des fêtes Royal Palace,Wedding / event venue,Ksar Hellal,Monastir,MV4J+GVQ، قصر هلال,+216 55 000 950,,Website unclear,,https://www.google.com/maps?cid=17712833599598042298,,,Low,4.4,39,"4.4★ from 39 Google reviews; no website on Google Maps; web check not done yet. A site could show hall capacity, photo gallery, packages and availability requests.",Google Maps
164,Cafè hollywood,Café,Ksar Hellal,Monastir,شارع الحبيب بورقيبة، قصر هلال 5070,+216 94 324 342,,Website unclear,,https://www.google.com/maps?cid=3895447484916008316,,,Low,4.0,35,"4.0★ from 35 Google reviews; no website on Google Maps; web check not done yet. A site could show menu, photos, events and location page.",Google Maps
165,Salla Des Fêtes Lella Meriam,Wedding / event venue,Ksar Hellal,Monastir,MV4Q+VJM، قصر هلال,+216 26 050 343,,Website unclear,,https://www.google.com/maps?cid=16625098356463305306,,,Low,3.7,31,"3.7★ from 31 Google reviews; no website on Google Maps; web check not done yet. A site could show hall capacity, photo gallery, packages and availability requests.",Google Maps
166,Cabinet de gynécologie dr Trabelsi samia,Medical / aesthetic clinic,Ksar Hellal,Monastir,شارع الحبيب بورقيبة، قصر هلال 5070,+216 73 473 985,,Website unclear,,https://www.google.com/maps?cid=4783134448495280330,,,Low,5.0,31,"5.0★ from 31 Google reviews; no website on Google Maps; web check not done yet. A site could show services, practitioner profile and appointment booking.",Google Maps
167,ROSA GARDEN,Wedding / event venue,Ksar Hellal,Monastir,"Rue de l'environnement, Ksar Hellal 5070",+216 54 511 458,,Website unclear,,https://www.google.com/maps?cid=7716458548997048588,,,Low,3.9,30,"3.9★ from 30 Google reviews; no website on Google Maps; web check not done yet. A site could show hall capacity, photo gallery, packages and availability requests.",Google Maps
168,Salle de fête MONTASAR,Wedding / event venue,Ksar Hellal,Monastir,MV3P+R6M، قصر هلال,+216 22 772 501,,Website unclear,,https://www.google.com/maps?cid=12957661775511893620,,,Low,4.1,26,"4.1★ from 26 Google reviews; no website on Google Maps; web check not done yet. A site could show hall capacity, photo gallery, packages and availability requests.",Google Maps
169,Pâtisserie Memmi - مرطبات الممي,Bakery / pastry shop,Ksar Hellal,Monastir,JVVR+534، قصر هلال,+216 73 540 429,,Website unclear,,https://www.google.com/maps?cid=7333261762595539525,,,Low,3.6,25,"3.6★ from 25 Google reviews; no website on Google Maps; web check not done yet. A site could show product catalogue (cakes, wedding/event orders) and order contact.",Google Maps
170,"Dr CHEMLI Nejmeddine DERMATOLOGUE - Cabinet de Dermatologie, Vénéréologie et Médecine Esthétique",Medical / aesthetic clinic,Ksar Hellal,Monastir,شارع الأمم المتحدة، قصر هلال 5070,+216 97 888 333,,Social media only,,https://www.google.com/maps?cid=6999221702681245179,http://facebook.com/drnejmeddine,,Low,4.9,19,"4.9★ from 19 Google reviews; relies on social media only (link on Maps listing; own-site check pending). A site could show services, practitioner profile and appointment booking.",Google Maps (social link on listing)
171,Maison hachicha,Bakery / pastry shop,Ksar Hellal,Monastir,JVWP+P46، شارع الحبيب بورقيبة، قصر هلال,+216 20 999 766,,Website unclear,,https://www.google.com/maps?cid=14084951903009938006,,,Low,4.9,11,"4.9★ from 11 Google reviews; no website on Google Maps; web check not done yet. A site could show product catalogue (cakes, wedding/event orders) and order contact.",Google Maps
172,Eden Pastry by Mme Moufida,Bakery / pastry shop,Ksar Hellal,Monastir,"JVWW+82X, Unnamed Road, Ksar Hellal",+216 21 040 755,,Website unclear,,https://www.google.com/maps?cid=18200315944299847816,,,Low,4.8,10,"4.8★ from 10 Google reviews; no website on Google Maps; web check not done yet. A site could show product catalogue (cakes, wedding/event orders) and order contact.",Google Maps
173,H AUTO TEC Garage Heni,Auto repair / service,Ksibet el Mediouni,Monastir,"MRRQ+WC6, Unnamed Road, Ksibet El Mediouni",+216 98 350 781,,Website unclear,,https://www.google.com/maps?cid=6859116030488012686,,,Low,4.7,35,"4.7★ from 35 Google reviews; no website on Google Maps; web check not done yet. A site could show services, diagnostics offer and quote requests.",Google Maps
174,Dentiste Dr Asma ben khalifa,Dental clinic,Ksibet el Mediouni,Monastir,"immeuble Jaidane au dessus du librairie Amara et laboratoire, Av. Habib bourguiba, Sahline 5012",+216 23 443 313,,Website unclear,,https://www.google.com/maps?cid=12674797317641703353,,,Low,5.0,32,"5.0★ from 32 Google reviews; no website on Google Maps; web check not done yet. A site could show services, doctor profile, CNAM info and appointment booking.",Google Maps
175,ksibet El Mediouni guest house,Guest house / rentals,Ksibet el Mediouni,Monastir,MRQR+CWP، قصيبة المديوني,+216 21 629 801,,Website unclear,,https://www.google.com/maps?cid=377205335065465675,,,Low,4.5,16,"4.5★ from 16 Google reviews; no website on Google Maps; web check not done yet. A site could show rooms, photos and direct booking.",Google Maps
176,Ste Menuiserie Aluminium Monastir,Construction / building,Ksibet el Mediouni,Monastir,MRRQ+WC6، قصيبة المديوني,+216 50 470 250,,Social media only,,https://www.google.com/maps?cid=5134233286558389528,https://www.facebook.com/profile.php?id=61552514745127,,Low,4.9,14,4.9★ from 14 Google reviews; relies on social media only (link on Maps listing; own-site check pending). A site could show project portfolio and quote requests.,Google Maps (social link on listing)
177,AHMED AUTO,Car dealership,Ksibet el Mediouni,Monastir,"MRQW+VP2, Ksibet El Médiouni",+216 94 157 778,,Social media only,,https://www.google.com/maps?cid=6322496852364681938,https://www.facebook.com/profile.php?id=100064048541047,,Low,4.8,12,"4.8★ from 12 Google reviews; relies on social media only (link on Maps listing; own-site check pending). A site could show business profile, services and contact.",Google Maps (social link on listing)
178,mecanodiag,Auto repair / service,Ksibet el Mediouni,Monastir,"Avenue de l'Environnement, Ksibet El Médiouni 5031",+216 95 752 110,,Website unclear,,https://www.google.com/maps?cid=5400189270714307216,,,Low,5.0,11,"5.0★ from 11 Google reviews; no website on Google Maps; web check not done yet. A site could show services, diagnostics offer and quote requests.",Google Maps
179,Services Pneus frère ben romdhane,Car parts & accessories,Ksibet el Mediouni,Monastir,"Av. Habib Bourguiba, Ksibet El Médiouni",+216 52 227 295,,Website unclear,,https://www.google.com/maps?cid=2668121391567617463,,,Low,5.0,11,5.0★ from 11 Google reviews; no website on Google Maps; web check not done yet. A site could show product catalogue and contact.,Google Maps
180,Safi Jacob food,Restaurant,Lamta,Monastir,MVFM+R4R، لمطة,+216 23 602 645,,Social media only,,https://www.google.com/maps?cid=4961364287858911306,https://www.facebook.com/SafiJacobFood,,Medium,4.2,81,"4.2★ from 81 Google reviews; relies on social media only (link on Maps listing; own-site check pending). A site could show menu, photos, opening hours and reservation/WhatsApp booking.",Google Maps (social link on listing)
181,restaurant awlad albasha مطعم اولاد الباشا,Restaurant,Lamta,Monastir,"MVCM+H32, Rue de la Republique, Lamta",+216 93 297 666,,Social media only,,https://www.google.com/maps?cid=17689379650829756369,https://www.facebook.com/share/1AXFC3B8aW/,,Low,4.8,19,"4.8★ from 19 Google reviews; relies on social media only (link on Maps listing; own-site check pending). A site could show menu, photos, opening hours and reservation/WhatsApp booking.",Google Maps (social link on listing)
182,Café La Sirène,Café,Lamta,Monastir,MVGM+P7W، لمطة,+216 50 711 267,,Website unclear,,https://www.google.com/maps?cid=6418276119031607579,,,Low,2.9,13,"2.9★ from 13 Google reviews; no website on Google Maps; web check not done yet. A site could show menu, photos, events and location page.",Google Maps
183,Boucherie Bouriah,Other local business,Lamta,Monastir,"Av. Habib Bourguiba, Lamta",+216 48 008 008,,Website unclear,,https://www.google.com/maps?cid=10276756303621819191,,,Low,4.5,10,"4.5★ from 10 Google reviews; no website on Google Maps; web check not done yet. A site could show business profile, services and contact.",Google Maps
184,Almaskaf المسقف,Restaurant,Menzel Ennour,Monastir,جمال 5020,+216 99 101 100,,Social media only,,https://www.google.com/maps?cid=3955554558163385156,https://www.facebook.com/profile.php?id=100079347519838,,Medium,4.8,33,"4.8★ from 33 Google reviews; relies on social media only (link on Maps listing; own-site check pending). A site could show menu, photos, opening hours and reservation/WhatsApp booking.",Google Maps (social link on listing)
185,Choco auto2,Auto repair / service,Menzel Kamel,Monastir,"C88, Manzil Kamil 5013",+216 54 990 161,,Social media only,,https://www.google.com/maps?cid=6294168353656557030,https://www.facebook.com/kh.med.7902,,Low,4.5,19,"4.5★ from 19 Google reviews; relies on social media only (link on Maps listing; own-site check pending). A site could show services, diagnostics offer and quote requests.",Google Maps (social link on listing)
186,Cabinet dentaire Dr: Amir Mestiri dentiste à Moknine,Dental clinic,Moknine,Monastir,JWG4+Q93، شارع الحبيب بورقيبة، المكنين,+216 90 700 711,29627841,Social media only,,https://www.google.com/maps?cid=11902799804726339549,https://www.facebook.com/61553814681799/,,High,4.8,51,"4.8★ from 51 Google reviews; relies on social media only. A site could show services, doctor profile, CNAM info and appointment booking. Note: Implantology/aesthetic dentistry; directory profiles only.","Google Maps; WebSearch (Facebook, para-doctor.tn, lerdvmedical.tn)"
187,Mah'Food ( Bzeouich ),Restaurant,Moknine,Monastir,"Résidence Essarfa C88, Moknine 5050",+216 50 917 775,,Website unclear,,https://www.google.com/maps?cid=12212639156619615973,,,Medium,4.5,41,"4.5★ from 41 Google reviews; no website on Google Maps; web check not done yet. A site could show menu, photos, opening hours and reservation/WhatsApp booking.",Google Maps
188,Maraya café,Café,Moknine,Monastir,JWJ6+5W7، المكنين,+216 28 800 885,,Social media only,,https://www.google.com/maps?cid=4373124596509459679,https://www.facebook.com/share/1DUMCoK4Hd/,,Low,3.7,43,"3.7★ from 43 Google reviews; relies on social media only (link on Maps listing; own-site check pending). A site could show menu, photos, events and location page.",Google Maps (social link on listing)
189,Sidi Bousaid - restaurant,Restaurant,Moknine,Monastir,JWH2+32C، المكنين,+216 28 380 294,,Website unclear,,https://www.google.com/maps?cid=1139156597684506233,,,Low,3.7,31,"3.7★ from 31 Google reviews; no website on Google Maps; web check not done yet. A site could show menu, photos, opening hours and reservation/WhatsApp booking.",Google Maps
190,Rjab sandwich,Restaurant,Moknine,Monastir,JVHX+VPC، المكنين,+216 55 257 780,,Website unclear,,https://www.google.com/maps?cid=9826875155178497206,,,Low,4.5,31,"4.5★ from 31 Google reviews; no website on Google Maps; web check not done yet. A site could show menu, photos, opening hours and reservation/WhatsApp booking.",Google Maps
191,Pizzeria La Joconde,Restaurant,Moknine,Monastir,JVHW+4Q9، المكنين,+216 52 221 432,,Website unclear,,https://www.google.com/maps?cid=14286018978137567451,,,Low,4.3,23,"4.3★ from 23 Google reviews; no website on Google Maps; web check not done yet. A site could show menu, photos, opening hours and reservation/WhatsApp booking.",Google Maps
192,Majdoline Park,Restaurant,Moknine,Monastir,"JV6X+95X, route, Moknine",+216 99 305 786,,Website unclear,,https://www.google.com/maps?cid=11794729529024753939,,,Low,3.6,20,"3.6★ from 20 Google reviews; no website on Google Maps; web check not done yet. A site could show menu, photos, opening hours and reservation/WhatsApp booking.",Google Maps
193,Quindici Café & Resto,Café,Moknine,Monastir,المكنين 5050,+216 51 332 332,,Social media only,,https://www.google.com/maps?cid=14274341729392902896,https://www.facebook.com/share/1EjLym9aC3/,,Low,3.8,16,"3.8★ from 16 Google reviews; relies on social media only (link on Maps listing; own-site check pending). A site could show menu, photos, events and location page.",Google Maps (social link on listing)
194,Jerusalem coffe,Café,Moknine,Monastir,06 نهج صلاح الدين الأيوبي، المكنين 5050,+216 53 728 608,,Website unclear,,https://www.google.com/maps?cid=13690130503354327377,,,Low,4.2,15,"4.2★ from 15 Google reviews; no website on Google Maps; web check not done yet. A site could show menu, photos, events and location page.",Google Maps
195,Pâtisserie Ben Abdallah,Bakery / pastry shop,Moknine,Monastir,JWH6+5M، المكنين,+216 22 993 307,,Website unclear,,https://www.google.com/maps?cid=17921668653077491587,,,Low,4.3,15,"4.3★ from 15 Google reviews; no website on Google Maps; web check not done yet. A site could show product catalogue (cakes, wedding/event orders) and order contact.",Google Maps
196,Elhajjem Lounge,Hair salon / barber,Moknine,Monastir,"Rue la république, Moknine 5050",+216 53 131 314,,Website unclear,,https://www.google.com/maps?cid=17608632250782183893,,,Low,5.0,13,"5.0★ from 13 Google reviews; no website on Google Maps; web check not done yet. A site could show services & prices, gallery and appointment booking.",Google Maps
197,Cafétéria l'Aquarium,Café,Moknine,Monastir,"JVMW+4XV, Av. des Martyrs, Moknine",+216 23 433 623,,Website unclear,,https://www.google.com/maps?cid=15827308124735738594,,,Low,2.7,12,"2.7★ from 12 Google reviews; no website on Google Maps; web check not done yet. A site could show menu, photos, events and location page.",Google Maps
198,max food,Restaurant,Moknine,Monastir,JVMX+53H، المكنين,+216 97 388 032,,Website unclear,,https://www.google.com/maps?cid=3344954787266309884,,,Low,4.1,11,"4.1★ from 11 Google reviews; no website on Google Maps; web check not done yet. A site could show menu, photos, opening hours and reservation/WhatsApp booking.",Google Maps
199,Société BIG BAG TUNISIE,Industrial / services company,Moknine,Monastir,"Rue omar ibn abdelaziz, Moknine 5050",+216 73 476 611,,Website unclear,,https://www.google.com/maps?cid=18256385658950182460,,,Low,4.5,11,"4.5★ from 11 Google reviews; no website on Google Maps; web check not done yet. A site could show company profile, products/services and contact.",Google Maps
200,Dar Lahlou,Bakery / pastry shop,Moknine,Monastir,"Rue des palmiers, Moknine 5050",+216 28 110 018,,Website unclear,,https://www.google.com/maps?cid=4169737376311035744,,,Low,4.7,10,"4.7★ from 10 Google reviews; no website on Google Maps; web check not done yet. A site could show product catalogue (cakes, wedding/event orders) and order contact.",Google Maps
201,Café la TERRASSE,Café,Ouerdanine,Monastir,"PM7Q+WV2, Ouardanine",+216 73 515 091,,Social media only,,https://www.google.com/maps?cid=9989925878194841650,https://www.facebook.com/cafe.la.terrasse01/,,Low,4.2,18,"4.2★ from 18 Google reviews; relies on social media only (link on Maps listing; own-site check pending). A site could show menu, photos, events and location page.",Google Maps (social link on listing)
202,WG DECO,Furniture / home & appliances,Ouerdanine,Monastir,"Rue Farhat Hached, Ouardanine 5010",+216 26 929 929,,Website unclear,,https://www.google.com/maps?cid=16513385985159524551,,,Low,3.1,11,3.1★ from 11 Google reviews; no website on Google Maps; web check not done yet. A site could show product catalogue and showroom info.,Google Maps
203,Food Time,Restaurant,Ouerdanine,Monastir,"Rue Farhat Hached, Ouardanine",+216 97 452 552,,Website unclear,,https://www.google.com/maps?cid=9091978047879946199,,,Low,4.7,11,"4.7★ from 11 Google reviews; no website on Google Maps; web check not done yet. A site could show menu, photos, opening hours and reservation/WhatsApp booking.",Google Maps
204,Restaurant Flament Rose,Restaurant,Sahline,Monastir,QP49+45R، الساحلين,+216 52 546 477,,Social media only,,https://www.google.com/maps?cid=568829430812278541,https://www.facebook.com/p/Restaurant-flamant-rose-100054509227540/,https://www.instagram.com/flamantroserestaurant/,High,4.3,167,"4.3★ from 167 Google reviews; relies on social media only. A site could show menu, photos, opening hours and reservation/WhatsApp booking. Note: #6 of 35 in Sahline on RestaurantGuru.","Google Maps; WebSearch (Facebook, RestaurantGuru)"
205,مطعم الهدى Restaurant El Houda,Restaurant,Sahline,Monastir,"Rue d’environnement, Sahline 5012",+216 73 525 564,,Social media only,,https://www.google.com/maps?cid=13254890324169756320,https://www.facebook.com/Restaurants-al-houda-1673119779567167/,,High,4.6,56,"4.6★ from 56 Google reviews; relies on social media only. A site could show menu, photos, opening hours and reservation/WhatsApp booking. Note: #8 of 35 in Sahline; Rue Farhat Hached; only auto-generated menu pages (menufyy).","Google Maps; WebSearch (Facebook, RestaurantGuru)"
206,"Élysée Palace, Monastir",Wedding / event venue,Sahline,Monastir,"العنوان: Élysée Palace, Monastir 5000",+216 52 625 625,,Social media only,,https://www.google.com/maps?cid=6163224711058578187,https://www.facebook.com/p/%C3%89lys%C3%A9e-Palace-61550885921435/,,High,4.7,51,"4.7★ from 51 Google reviews; relies on social media only. A site could show hall capacity, photo gallery, packages and availability requests. Note: Wedding hall; listed on wedding directories (aslama.tn, mariageatoutprix).","Google Maps; WebSearch (Facebook, aslama.tn)"
207,Beauty perle by jawaher,Beauty salon / spa,Sahline,Monastir,"QP26+8RR, Unnamed Road, Sahline",+216 53 818 531,,Website unclear,,https://www.google.com/maps?cid=584399181576061896,,,Medium,4.9,46,"4.9★ from 46 Google reviews; no website on Google Maps; web check not done yet. A site could show service menu, prices, gallery and booking.",Google Maps
208,MDLR COIFF,Hair salon / barber,Sahline,Monastir,"près du mosquée el rahma, Sahline",+216 53 531 919,,Social media only,,https://www.google.com/maps?cid=8100604615250032127,,https://instagram.com/mahdi_dhaw_92,Medium,5.0,22,"5.0★ from 22 Google reviews; relies on social media only (link on Maps listing; own-site check pending). A site could show services & prices, gallery and appointment booking.",Google Maps (social link on listing)
209,Croissant +,Bakery / pastry shop,Sahline,Monastir,"QP35+2QW Croissant +, Sahline",+216 24 909 286,,Social media only,,https://www.google.com/maps?cid=2469112506220338305,,https://www.instagram.com/croissant24h,Medium,4.8,21,"4.8★ from 21 Google reviews; relies on social media only (link on Maps listing; own-site check pending). A site could show product catalogue (cakes, wedding/event orders) and order contact.",Google Maps (social link on listing)
210,Malibu Space Restaurant,Restaurant,Sahline,Monastir,"ZONE TOURISTIQUE, Monastir",+216 53 443 944,,Website unclear,,https://www.google.com/maps?cid=6389364844749403061,,,Low,3.9,26,"3.9★ from 26 Google reviews; no website on Google Maps; web check not done yet. A site could show menu, photos, opening hours and reservation/WhatsApp booking.",Google Maps
211,Pâtisserie Mili,Bakery / pastry shop,Sahline,Monastir,QP44+6FF، الساحلين,+216 92 538 020,,Website unclear,,https://www.google.com/maps?cid=11922353665181267648,,,Low,4.0,18,"4.0★ from 18 Google reviews; no website on Google Maps; web check not done yet. A site could show product catalogue (cakes, wedding/event orders) and order contact.",Google Maps
212,Métropole Design,Furniture / home & appliances,Sahline,Monastir,Sahline 5012,+216 28 444 944,,Website unclear,,https://www.google.com/maps?cid=7581541414656005010,,,Low,4.5,12,4.5★ from 12 Google reviews; no website on Google Maps; web check not done yet. A site could show product catalogue and showroom info.,Google Maps
213,Beautysalon_byRahmaKalai,Hair salon / barber,Sahline,Monastir,QP38+WQP، الساحلين,+216 52 013 984,,Website unclear,,https://www.google.com/maps?cid=4811228242240607458,,,Low,4.7,11,"4.7★ from 11 Google reviews; no website on Google Maps; web check not done yet. A site could show services & prices, gallery and appointment booking.",Google Maps
214,Salle Des Fêtes L'orchidée,Wedding / event venue,Sahline,Monastir,"العنوان: Street Ali Belhouane, Sahline Monastir TN 5012، الساحلين",+216 98 296 809,,Social media only,,https://www.google.com/maps?cid=9088113247053691597,,https://www.instagram.com/salledesfeteslorchidee/,Low,3.9,10,"3.9★ from 10 Google reviews; relies on social media only (link on Maps listing; own-site check pending). A site could show hall capacity, photo gallery, packages and availability requests.",Google Maps (social link on listing)
215,Pressing Sahline,Clothing store,Sahline,Monastir,"Avenue Ali balhawen, Sahline 5012",+216 98 251 270,,Website unclear,,https://www.google.com/maps?cid=12984130234340475754,,,Low,3.6,10,3.6★ from 10 Google reviews; no website on Google Maps; web check not done yet. A site could show collection lookbook and contact.,Google Maps
216,Electro-ménager Mhenni,Furniture / home & appliances,Sayada,Monastir,"Av. Habib Bourguiba, Sayada",+216 22 311 829,,Website unclear,,https://www.google.com/maps?cid=17420629149315780389,,,Medium,4.9,81,4.9★ from 81 Google reviews; no website on Google Maps; web check not done yet. A site could show product catalogue and showroom info.,Google Maps
217,Restaurant Dar El Hout,Restaurant,Sayada,Monastir,MWC3+24H، شـارع البيئة، صيّادة,+216 22 799 310,,Website unclear,,https://www.google.com/maps?cid=16775005965146574642,,,Medium,4.3,73,"4.3★ from 73 Google reviews; no website on Google Maps; web check not done yet. A site could show menu, photos, opening hours and reservation/WhatsApp booking.",Google Maps
218,Coiffeur Brigadlook,Hair salon / barber,Sayada,Monastir,"Av. Habib Bourguiba, Sayada 5035",+216 98 606 783,,Website unclear,,https://www.google.com/maps?cid=7604528930279212935,,,Medium,4.9,49,"4.9★ from 49 Google reviews; no website on Google Maps; web check not done yet. A site could show services & prices, gallery and appointment booking.",Google Maps
219,Davinci Cucina Sayada,Furniture / home & appliances,Sayada,Monastir,"Av. Habib Bourguiba, Sayada 5035",+216 73 432 111,,Website unclear,,https://www.google.com/maps?cid=1184628733769985183,,,Medium,5.0,41,5.0★ from 41 Google reviews; no website on Google Maps; web check not done yet. A site could show product catalogue and showroom info.,Google Maps
220,Konfimark Meubles,Furniture / home & appliances,Sayada,Monastir,MV6R+M73، صيّادة,+216 73 570 511,,Website unclear,,https://www.google.com/maps?cid=996041831646135133,,,Low,2.7,27,2.7★ from 27 Google reviews; no website on Google Maps; web check not done yet. A site could show product catalogue and showroom info.,Google Maps
221,euro change sayada + euro car sayada,Car rental,Sayada,Monastir,"MV8V+Q66, Rue de l'Indépendance, Sayada",+216 98 242 670,,Website unclear,,https://www.google.com/maps?cid=11141057057507816546,,,Low,4.8,25,"4.8★ from 25 Google reviews; no website on Google Maps; web check not done yet. A site could show fleet, prices and online booking (tourists/airport customers).",Google Maps
222,Pâtisserie Jinene Délices,Bakery / pastry shop,Sayada,Monastir,MV8P+PVH، نهج أميلكار، صيّادة,+216 51 035 824,,Social media only,,https://www.google.com/maps?cid=4978365580802281515,https://www.facebook.com/Hloulibled/,,Low,4.7,17,"4.7★ from 17 Google reviews; relies on social media only (link on Maps listing; own-site check pending). A site could show product catalogue (cakes, wedding/event orders) and order contact.",Google Maps (social link on listing)
223,Maison Ghalia,Bakery / pastry shop,Sayada,Monastir,"Rue de l'Indépendance, Sayada 5035",+216 56 677 072,,Social media only,,https://www.google.com/maps?cid=12086500701335185408,,https://www.instagram.com/maison_ghalia.tn/,Low,5.0,12,"5.0★ from 12 Google reviews; relies on social media only (link on Maps listing; own-site check pending). A site could show product catalogue (cakes, wedding/event orders) and order contact.",Google Maps (social link on listing)
224,Sigma Coiff,Hair salon / barber,Sayada,Monastir,MV8R+QJV، صيّادة,+216 27 003 746,,Website unclear,,https://www.google.com/maps?cid=5493962678867661540,,,Low,5.0,12,"5.0★ from 12 Google reviews; no website on Google Maps; web check not done yet. A site could show services & prices, gallery and appointment booking.",Google Maps
225,Sweety over dose,Bakery / pastry shop,Sayada,Monastir,MV7R+C87، صيّادة,+216 99 949 497,,Website unclear,,https://www.google.com/maps?cid=537824465968971555,,,Low,2.9,11,"2.9★ from 11 Google reviews; no website on Google Maps; web check not done yet. A site could show product catalogue (cakes, wedding/event orders) and order contact.",Google Maps
226,Café Souk de Sayada,Café,Sayada,Monastir,MVFR+334، صيّادة 5035,+216 27 264 446,,Website unclear,,https://www.google.com/maps?cid=11409000655858586285,,,Low,4.7,10,"4.7★ from 10 Google reviews; no website on Google Maps; web check not done yet. A site could show menu, photos, events and location page.",Google Maps
227,SALON DE COIFFURE ET ESTHETIQUE Safwen,Hair salon / barber,Teboulba,Monastir,"Rue Fadheline, n94, Téboulba 5080",+216 51 680 730,,Social media only,,https://www.google.com/maps?cid=14564216122215092375,https://www.facebook.com/share/RidSxxNiahzCG3C6/,,Medium,5.0,65,"5.0★ from 65 Google reviews; relies on social media only (link on Maps listing; own-site check pending). A site could show services & prices, gallery and appointment booking.",Google Maps (social link on listing)
228,Hanchia palm,Café,Teboulba,Monastir,"Port al Hanchiya, Téboulba 5080",+216 98 407 839,,Website unclear,,https://www.google.com/maps?cid=16655310729669554609,,,Low,3.6,81,"3.6★ from 81 Google reviews; no website on Google Maps; web check not done yet. A site could show menu, photos, events and location page.",Google Maps
229,107 plus Cafe. Resto,Café,Teboulba,Monastir,"5080, Téboulba 5080",+216 20 129 888,,Website unclear,,https://www.google.com/maps?cid=655790163652923550,,,Low,2.9,77,"2.9★ from 77 Google reviews; no website on Google Maps; web check not done yet. A site could show menu, photos, events and location page.",Google Maps
230,PIZZERIA SULTAN,Restaurant,Teboulba,Monastir,"JXPC+HC9, Av. Amor Bayoudh, Téboulba",+216 23 275 963,,Website unclear,,https://www.google.com/maps?cid=10510632552329947287,,,Low,3.2,38,"3.2★ from 38 Google reviews; no website on Google Maps; web check not done yet. A site could show menu, photos, opening hours and reservation/WhatsApp booking.",Google Maps
231,Café Paradise,Café,Teboulba,Monastir,"Rue 2 mars, Téboulba",+216 52 948 836,,Website unclear,,https://www.google.com/maps?cid=3247314631800948517,,,Low,3.4,33,"3.4★ from 33 Google reviews; no website on Google Maps; web check not done yet. A site could show menu, photos, events and location page.",Google Maps
232,Pâtisserie Dallas,Bakery / pastry shop,Teboulba,Monastir,5080 شارع الحبيب بورقيبة، طبلبة,+216 40 180 051,,Social media only,,https://www.google.com/maps?cid=3106355960186631979,http://www.facebook.com/patisserie.dallas,,Low,3.9,23,"3.9★ from 23 Google reviews; relies on social media only (link on Maps listing; own-site check pending). A site could show product catalogue (cakes, wedding/event orders) and order contact.",Google Maps (social link on listing)
233,Cafe machmoum,Café,Teboulba,Monastir,"JXR7+679, Av. 23 janvier 1952, Téboulba 5080",+216 54 180 571,,Website unclear,,https://www.google.com/maps?cid=17046463958579495050,,,Low,5.0,15,"5.0★ from 15 Google reviews; no website on Google Maps; web check not done yet. A site could show menu, photos, events and location page.",Google Maps
234,Café restaurant pastel,Café,Teboulba,Monastir,"Avenue de République, Téboulba 5080",+216 95 346 282,,Website unclear,,https://www.google.com/maps?cid=7888968760503271265,,,Low,4.0,13,"4.0★ from 13 Google reviews; no website on Google Maps; web check not done yet. A site could show menu, photos, events and location page.",Google Maps
235,AMM les ateliers micro mécanique,Auto repair / service,Teboulba,Monastir,"Av. Habib bourguiba, Téboulba",+216 73 494 892,,Website unclear,,https://www.google.com/maps?cid=8439991270685859897,,,Low,4.1,12,"4.1★ from 12 Google reviews; no website on Google Maps; web check not done yet. A site could show services, diagnostics offer and quote requests.",Google Maps
236,Street Food,Restaurant,Teboulba,Monastir,"JXR7+2F2, Av. Mahbouba Soussia, Téboulba",+216 29 111 411,,Website unclear,,https://www.google.com/maps?cid=16154071890379171572,,,Low,3.7,11,"3.7★ from 11 Google reviews; no website on Google Maps; web check not done yet. A site could show menu, photos, opening hours and reservation/WhatsApp booking.",Google Maps
237,Espadon Restaurant,Restaurant,Mahdia,Mahdia,"000 korniche la plage, Hiboun 5111",+216 98 130 200,,Social media only,,https://www.google.com/maps?cid=17763996003497039390,https://www.facebook.com/restaurant.espadon.mahdia/,https://www.instagram.com/restaurant_espadon_mahdia/,High,4.4,1208,"4.4★ from 1208 Google reviews; relies on social media only. A site could show menu, photos, opening hours and reservation/WhatsApp booking. Note: 1,200+ Google reviews; beachfront on the corniche; Tripadvisor #9 of 34.","Google Maps; WebSearch (Facebook, Instagram, Tripadvisor)"
238,El Asfoor,Restaurant,Mahdia,Mahdia,"Corniche de mahdia côté hôtel iberostar royal el mansour, Hiboun 5111",+216 58 329 025,,Social media only,,https://www.google.com/maps?cid=2521703261404525346,https://www.facebook.com/p/El-Asfoor-100075872982407/,https://www.instagram.com/el__asfoor/,High,4.2,825,"4.2★ from 825 Google reviews; relies on social media only. A site could show menu, photos, opening hours and reservation/WhatsApp booking. Note: 825 reviews; corniche next to Iberostar Royal El Mansour; Tripadvisor #4 of 30.","Google Maps; WebSearch (Tripadvisor, Facebook, Instagram)"
239,Restaurant El Medina,Restaurant,Mahdia,Mahdia,"Deriere le marchè municipale, Rue borj othmane, Mahdia 5100",+216 99 258 804,,Social media only,,https://www.google.com/maps?cid=15264724058145311001,https://www.facebook.com/p/Restaurant-El-Medina-61564040461944/,,High,4.7,468,"4.7★ from 468 Google reviews; relies on social media only. A site could show menu, photos, opening hours and reservation/WhatsApp booking. Note: Behind municipal market; Tripadvisor #4 of 34; Petit Futé listed.","Google Maps; WebSearch (Tripadvisor, Facebook, Petit Futé)"
240,Fika coffee shop,Café,Mahdia,Mahdia,المهدية,+216 54 383 959,,Social media only,,https://www.google.com/maps?cid=7096041091265636535,https://www.facebook.com/p/Fika-coffee-shop-61571465170973/,https://www.instagram.com/fikacoffeeshopp/,High,4.7,442,"4.7★ from 442 Google reviews; relies on social media only. A site could show menu, photos, events and location page. Note: 442 reviews at 4.7; FB/IG/TikTok only.","Google Maps; WebSearch (Facebook, Instagram, Tripadvisor)"
241,LAMPARO CAFE RESTO,Restaurant,Mahdia,Mahdia,"Av. Farhat Hached, Mahdia 5100",+216 99 966 007,,Social media only,,https://www.google.com/maps?cid=9332051321958174681,https://www.facebook.com/lamparorestocafe,https://www.instagram.com/lamparo_resto_cafe/,High,4.8,306,"4.8★ from 306 Google reviews; relies on social media only. A site could show menu, photos, opening hours and reservation/WhatsApp booking. Note: Seafront café-restaurant, Av. Farhat Hached; Glovo listing only.","Google Maps; WebSearch (Facebook, Instagram, Tripadvisor)"
242,RESTO DARNA,Restaurant,Mahdia,Mahdia,"Av. 14 Janvier, Mahdia",+216 54 676 088,,Social media only,,https://www.google.com/maps?cid=2932692144465362078,https://www.facebook.com/p/DARNA-_-%D8%AF%D8%A7%D8%B1%D9%86%D8%A7-100063765783494/,https://www.instagram.com/darna.resto/,High,4.5,253,"4.5★ from 253 Google reviews; relies on social media only. A site could show menu, photos, opening hours and reservation/WhatsApp booking. Note: Family-run, Tripadvisor #6 of 33; Av. 14 Janvier.","Google Maps; WebSearch (Tripadvisor, Facebook)"
243,Famiglia Resto & Café,Restaurant,Mahdia,Mahdia,"G347+6R9, Av. 14 Janvier, Mahdia",+216 22 609 609,,Social media only,,https://www.google.com/maps?cid=12431391236276574978,https://www.facebook.com/p/Famiglia-Resto-Caf%C3%A9-100090218274375/,https://www.instagram.com/famiglia_resto_cafe/,High,4.0,226,"4.0★ from 226 Google reviews; relies on social media only. A site could show menu, photos, opening hours and reservation/WhatsApp booking. Note: Beach-side on Mahdia corniche; 12.5k FB likes.","Google Maps; WebSearch (Facebook, Instagram, Tripadvisor)"
244,Mon Café Resto,Restaurant,Mahdia,Mahdia,F3X5+R7M، المهدية,+216 50 087 761,55749100 (Instagram bio),Social media only,,https://www.google.com/maps?cid=8400839327823825918,https://www.facebook.com/mon.cafe.mahdia/,https://www.instagram.com/mon_cafe_resto_mahdia/,High,4.1,217,"4.1★ from 217 Google reviews; relies on social media only. A site could show menu, photos, opening hours and reservation/WhatsApp booking. Note: Family restaurant with kids' playground; Tripadvisor #13 of 33.","Google Maps; WebSearch (Instagram, Facebook, Tripadvisor)"
245,Pâtisserie Boulangerie Sfar,Bakery / pastry shop,Mahdia,Mahdia,"Avenue Farhat Hachad, Mahdia",+216 73 681 716,,Social media only,,https://www.google.com/maps?cid=5401793223719264701,https://www.facebook.com/PatisserieSFAR/,https://www.instagram.com/patisserie_sfar/,High,4.2,204,"4.2★ from 204 Google reviews; relies on social media only. A site could show product catalogue (cakes, wedding/event orders) and order contact. Note: Bakery-pastry on Av. Farhat Hached; low RestaurantGuru score (2.1) - reputation-focused site could help.","Google Maps; WebSearch (Facebook, Instagram)"
246,Restaurant Borj Erras,Restaurant,Mahdia,Mahdia,"G348+2P7, Av. 14 Janvier, Mahdia",+216 27 288 971,,Social media only,,https://www.google.com/maps?cid=13423921719309781539,https://www.facebook.com/Raouf27288971/,,High,4.1,200,"4.1★ from 200 Google reviews; relies on social media only. A site could show menu, photos, opening hours and reservation/WhatsApp booking. Note: Seafood/Tunisian facing the corniche.","Google Maps; WebSearch (Facebook, RestaurantGuru)"
247,Chabchoub Optic,Optician,Mahdia,Mahdia,شارع 2 مارس 1934، المهدية 5100,+216 98 203 112,,No website found,,https://www.google.com/maps?cid=7983974331948778390,,Owner Instagram @chabchoub_mehdi,High,5.0,123,"5.0★ from 123 Google reviews; no website found on Maps or in web search. A site could show brands/catalogue, services and location. Note: Optician-optometrist since 2004; 5.0 with 123 reviews; directories only.","Google Maps; WebSearch (LinkedIn, directories)"
248,Iannello Mahdia,Restaurant,Mahdia,Mahdia,"Immeuble Azar, Av. de la Corniche, Hiboun 5111",+216 25 645 833,,No website found,,https://www.google.com/maps?cid=11791958229298631976,,,High,4.6,116,"4.6★ from 116 Google reviews; no website found on Maps or in web search. A site could show menu, photos, opening hours and reservation/WhatsApp booking. Note: Bar & grill on the corniche near the hotel strip; appears only in Google/hotel listings.",Google Maps; WebSearch
249,Clinique vétérinaire MaVeto Mahdia,Veterinary clinic,Mahdia,Mahdia,"Av. du 2 Mars 1934, Mahdia 5100",+216 90 300 116,,Social media only,,https://www.google.com/maps?cid=9860932059596835329,https://www.facebook.com/p/Clinique-v%C3%A9t%C3%A9rinaire-MaVeto-100058747218871/,https://www.instagram.com/senda.maveto/,High,4.9,69,"4.9★ from 69 Google reviews; relies on social media only. A site could show services, emergency contact and appointment booking. Note: Serves Mahdia, Rejiche, El Jem, Ksour Essef, Hiboun; directory listings only (maveto.re is an unrelated clinic in Réunion).","Google Maps; WebSearch (Facebook, Instagram, animalia.tn, tunisievet.com)"
250,Top cars mahdia,Car rental,Mahdia,Mahdia,Avenue Taher Sfar، المهدية 5111,+216 50 202 203,,No website found,,https://www.google.com/maps?cid=2909918206863715188,,,High,4.8,54,"4.8★ from 54 Google reviews; no website found on Maps or in web search. A site could show fleet, prices and online booking (tourists/airport customers). Note: Car rental with 54 reviews at 4.8; no own site surfaced in search.",Google Maps; WebSearch (no matching result)
251,Chez Naima,Restaurant,Mahdia,Mahdia,"G339+Q8W, Mahdia",+216 93 627 617,,Social media only,,https://www.google.com/maps?cid=13237795609920649298,https://www.facebook.com/share/1BjpEnhNW5/,,Medium,4.7,83,"4.7★ from 83 Google reviews; relies on social media only (link on Maps listing; own-site check pending). A site could show menu, photos, opening hours and reservation/WhatsApp booking.",Google Maps (social link on listing)
252,"happiness bridal studio ""the luxury concept""",Beauty salon / spa,Mahdia,Mahdia,"Av. Taieb Mhiri, Mahdia",+216 51 888 323,,Social media only,,https://www.google.com/maps?cid=9908457999173989711,,https://www.instagram.com/happiness_makeup_studio/,Medium,4.6,63,"4.6★ from 63 Google reviews; relies on social media only (link on Maps listing; own-site check pending). A site could show service menu, prices, gallery and booking.",Google Maps (social link on listing)
253,Pâtisserie Milanda Sweets,Bakery / pastry shop,Mahdia,Mahdia,"135-145, C82, Mahdia",+216 98 257 679,,Social media only,,https://www.google.com/maps?cid=1630935109901101942,https://www.facebook.com/patisseriemilanda/,,Medium,4.6,47,"4.6★ from 47 Google reviews; relies on social media only (link on Maps listing; own-site check pending). A site could show product catalogue (cakes, wedding/event orders) and order contact.",Google Maps (social link on listing)
254,Centre Beauté Zen,Hair salon / barber,Mahdia,Mahdia,"Rue des Andalous, Mahdia 5100",+216 55 617 064,,Social media only,,https://www.google.com/maps?cid=16006084298512524145,https://www.facebook.com/beautezenissra,,Medium,4.7,42,"4.7★ from 42 Google reviews; relies on social media only (link on Maps listing; own-site check pending). A site could show services & prices, gallery and appointment booking.",Google Maps (social link on listing)
255,Oklet Zemen,Restaurant,Mahdia,Mahdia,"G339+MXX, Unnamed Road, Mahdia",+216 56 109 278,,Social media only,,https://www.google.com/maps?cid=15828076061119292210,https://mobile.facebook.com/mondherbenzineb12/,,Medium,4.6,39,"4.6★ from 39 Google reviews; relies on social media only (link on Maps listing; own-site check pending). A site could show menu, photos, opening hours and reservation/WhatsApp booking.",Google Maps (social link on listing)
256,ONE VIP GYM,Gym / fitness,Mahdia,Mahdia,"One vip, Mahdia 5111",+216 27 407 508,,Social media only,,https://www.google.com/maps?cid=17370582873088166062,,https://www.instagram.com/onevip_gym_mahdia,Medium,4.6,28,"4.6★ from 28 Google reviews; relies on social media only (link on Maps listing; own-site check pending). A site could show memberships, class schedule and trainer profiles.",Google Maps (social link on listing)
257,Café Sidi Salem Elghar,Café,Mahdia,Mahdia,"Rue de Borj Othmani, Mahdia 5100",+216 73 680 274,,Website unclear,,https://www.google.com/maps?cid=9236342037660331051,,,Low,3.8,692,"3.8★ from 692 Google reviews; no website on Google Maps; web check not done yet. A site could show menu, photos, events and location page.",Google Maps
258,Malibu café restaurant mahdia,Café,Mahdia,Mahdia,Mahdia,+216 99 651 499,,Website unclear,,https://www.google.com/maps?cid=13938819889604041636,,,Low,3.5,190,"3.5★ from 190 Google reviews; no website on Google Maps; web check not done yet. A site could show menu, photos, events and location page.",Google Maps
259,La Bamba,Restaurant,Mahdia,Mahdia,"G2GM+3CV, Hiboun",+216 29 803 345,,Website unclear,,https://www.google.com/maps?cid=15914846624669503080,,,Low,3.5,156,"3.5★ from 156 Google reviews; no website on Google Maps; web check not done yet. A site could show menu, photos, opening hours and reservation/WhatsApp booking.",Google Maps
260,Centre Ben Nahia Oussama (rééducation),Medical / aesthetic clinic,Mahdia,Mahdia,"Immeuble ben nahia près de l'Hôpital Tahar Sfar, Avenue Ibn Aljazzar, Mahdia 5111",+216 97 111 206,,Social media only,,https://www.google.com/maps?cid=4816421566050021845,https://www.facebook.com/Centre-Oussama-Ben-Nahia-de-R%C3%A9%C3%A9ducation-165842116935949/,,Low,3.6,36,"3.6★ from 36 Google reviews; relies on social media only (link on Maps listing; own-site check pending). A site could show services, practitioner profile and appointment booking.",Google Maps (social link on listing)
261,Bouthaina Naffouti Veterinary Clinic,Veterinary clinic,Mahdia,Mahdia,"Mahdia Center, Mahdia",+216 93 340 097,,Website unclear,,https://www.google.com/maps?cid=11585598120565037612,,,Low,4.9,36,"4.9★ from 36 Google reviews; no website on Google Maps; web check not done yet. A site could show services, emergency contact and appointment booking.",Google Maps
262,Faker salon,Hair salon / barber,Mahdia,Mahdia,المهدية,+216 21 967 100,,Website unclear,,https://www.google.com/maps?cid=9775415746309225795,,,Low,3.2,35,"3.2★ from 35 Google reviews; no website on Google Maps; web check not done yet. A site could show services & prices, gallery and appointment booking.",Google Maps
263,Coiffeur Raouf,Hair salon / barber,Mahdia,Mahdia,"Rue de Borj Othmane, Mahdia 5100",+216 24 587 719,,Website unclear,,https://www.google.com/maps?cid=13538125665238846863,,,Low,4.5,34,"4.5★ from 34 Google reviews; no website on Google Maps; web check not done yet. A site could show services & prices, gallery and appointment booking.",Google Maps
264,Pizzeria sarra,Restaurant,Mahdia,Mahdia,"F2VR+VF2, Ezzahra, Mahdia",+216 20 633 792,,Website unclear,,https://www.google.com/maps?cid=10863926069778782279,,,Low,4.5,33,"4.5★ from 33 Google reviews; no website on Google Maps; web check not done yet. A site could show menu, photos, opening hours and reservation/WhatsApp booking.",Google Maps
265,Coco beach bekalta,Restaurant,Mahdia,Mahdia,"H2FJ+XFM, Unnamed Road, Ghar al Fass",+216 55 149 790,,Website unclear,,https://www.google.com/maps?cid=14376240256773512334,,,Low,3.9,32,"3.9★ from 32 Google reviews; no website on Google Maps; web check not done yet. A site could show menu, photos, opening hours and reservation/WhatsApp booking.",Google Maps
266,Pressing Elamen,Clothing store,Mahdia,Mahdia,"21 نهج حسن, عاشورة الروضة, Mahdia 5100",+216 92 150 155,,Website unclear,,https://www.google.com/maps?cid=14708620567943184600,,,Low,4.9,32,4.9★ from 32 Google reviews; no website on Google Maps; web check not done yet. A site could show collection lookbook and contact.,Google Maps
267,Tendance Car Mahdia,Car rental,Mahdia,Mahdia,"Avenue Taher Sfar, Av. de la Corniche, Mahdia 5100",+216 98 409 776,,Website unclear,,https://www.google.com/maps?cid=3477927471095816029,,,Low,5.0,30,"5.0★ from 30 Google reviews; no website on Google Maps; web check not done yet. A site could show fleet, prices and online booking (tourists/airport customers).",Google Maps
268,Oasis Des Jasmins,Clothing store,Mahdia,Mahdia,المهدية,+216 58 327 900,,Website unclear,,https://www.google.com/maps?cid=12373298845299552845,,,Low,4.3,30,4.3★ from 30 Google reviews; no website on Google Maps; web check not done yet. A site could show collection lookbook and contact.,Google Maps
269,Esthéticienne Yosra,Beauty salon / spa,Mahdia,Mahdia,"G347+6R9, Av. 14 Janvier, Mahdia",+216 51 362 365,,Website unclear,,https://www.google.com/maps?cid=5882609664670141539,,,Low,4.8,29,"4.8★ from 29 Google reviews; no website on Google Maps; web check not done yet. A site could show service menu, prices, gallery and booking.",Google Maps
270,Boutique miss dentelle,Clothing store,Mahdia,Mahdia,"G353+CQ4, C82, Mahdia",+216 99 889 191,,Website unclear,,https://www.google.com/maps?cid=11739547012571950209,,,Low,4.5,24,4.5★ from 24 Google reviews; no website on Google Maps; web check not done yet. A site could show collection lookbook and contact.,Google Maps
271,Autopro,Auto repair / service,Mahdia,Mahdia,G22V+4WR، المهدية,+216 73 653 120,,Website unclear,,https://www.google.com/maps?cid=7382661336858836555,,,Low,4.2,22,"4.2★ from 22 Google reviews; no website on Google Maps; web check not done yet. A site could show services, diagnostics offer and quote requests.",Google Maps
272,Barber shop sanfour,Hair salon / barber,Mahdia,Mahdia,"Mahdia Center, Mahdia",+216 53 265 324,,Website unclear,,https://www.google.com/maps?cid=6806789773558546610,,,Low,4.7,21,"4.7★ from 21 Google reviews; no website on Google Maps; web check not done yet. A site could show services & prices, gallery and appointment booking.",Google Maps
273,Espace de coiffure Top Dali,Hair salon / barber,Mahdia,Mahdia,"594, C82, Mahdia",+216 25 270 890,,Website unclear,,https://www.google.com/maps?cid=10094466753433144667,,,Low,4.6,19,"4.6★ from 19 Google reviews; no website on Google Maps; web check not done yet. A site could show services & prices, gallery and appointment booking.",Google Maps
274,Dr Mariem Hafsa,Dental clinic,Mahdia,Mahdia,"immeuble Prestige, Av. Taieb Mhiri, Mahdia 5100",+216 96 624 537,,Website unclear,,https://www.google.com/maps?cid=5533778784513464904,,,Low,5.0,19,"5.0★ from 19 Google reviews; no website on Google Maps; web check not done yet. A site could show services, doctor profile, CNAM info and appointment booking.",Google Maps
275,Lavage Automobiles Mahdia,Auto repair / service,Mahdia,Mahdia,"G22V+49G, Mahdia",+216 23 751 702,,Website unclear,,https://www.google.com/maps?cid=11345108920318086813,,,Low,4.8,19,"4.8★ from 19 Google reviews; no website on Google Maps; web check not done yet. A site could show services, diagnostics offer and quote requests.",Google Maps
276,IMED AUTO-ECOLE,Driving school,Mahdia,Mahdia,"Rue Habib Bourguiba - Hiboun, Mahdia",+216 99 414 139,,Website unclear,,https://www.google.com/maps?cid=14861712274467596362,,,Low,5.0,17,"5.0★ from 17 Google reviews; no website on Google Maps; web check not done yet. A site could show licence packages, prices and enrolment form.",Google Maps
277,Gold délicieux cake,Bakery / pastry shop,Mahdia,Mahdia,"G344+2VG, Av. Bechir Sfar, Mahdia",+216 56 381 179,,Social media only,,https://www.google.com/maps?cid=4650482925405441943,,https://www.instagram.com/gold_delicieux_cake_,Low,4.8,16,"4.8★ from 16 Google reviews; relies on social media only (link on Maps listing; own-site check pending). A site could show product catalogue (cakes, wedding/event orders) and order contact.",Google Maps (social link on listing)
278,Garage diagnostic الغول,Auto repair / service,Mahdia,Mahdia,G22W+5G5، المهدية,+216 20 730 370,,Website unclear,,https://www.google.com/maps?cid=705717919377076631,,,Low,5.0,16,"5.0★ from 16 Google reviews; no website on Google Maps; web check not done yet. A site could show services, diagnostics offer and quote requests.",Google Maps
279,Centre elle & belle,Hair salon / barber,Mahdia,Mahdia,"218 Av. Habib Bourgiba, Mahdia",+216 54 091 866,,Social media only,,https://www.google.com/maps?cid=1116948367405340787,https://www.facebook.com/elleestbellecheznesrine/,,Low,3.7,16,"3.7★ from 16 Google reviews; relies on social media only (link on Maps listing; own-site check pending). A site could show services & prices, gallery and appointment booking.",Google Maps (social link on listing)
280,Mahdia Gym,Gym / fitness,Mahdia,Mahdia,G26V+XQ6، المهدية,+216 25 175 704,,Website unclear,,https://www.google.com/maps?cid=5896684937079426726,,,Low,4.3,16,"4.3★ from 16 Google reviews; no website on Google Maps; web check not done yet. A site could show memberships, class schedule and trainer profiles.",Google Maps
281,Immo Mahdia,Real-estate agency,Mahdia,Mahdia,"Av. Bechir Sfar, Mahdia",+216 36 473 716,,Website unclear,,https://www.google.com/maps?cid=2056613463147506816,,,Low,4.6,16,4.6★ from 16 Google reviews; no website on Google Maps; web check not done yet. A site could show property listings and contact forms.,Google Maps
282,fricassé Samba,Restaurant,Mahdia,Mahdia,41 شارع الحبيب بورقيبة، المهدية,+216 25 815 360,,Website unclear,,https://www.google.com/maps?cid=11662223075517707861,,,Low,3.8,16,"3.8★ from 16 Google reviews; no website on Google Maps; web check not done yet. A site could show menu, photos, opening hours and reservation/WhatsApp booking.",Google Maps
283,Pilot School Nour Training Professionnelle,Training centre,Mahdia,Mahdia,Avenue Ibn el Jazzar، المهدية 5111,+216 73 671 020,,Website unclear,,https://www.google.com/maps?cid=288692892345460822,,,Low,3.6,15,"3.6★ from 15 Google reviews; no website on Google Maps; web check not done yet. A site could show courses, schedules and enrolment.",Google Maps
284,pâtisserie el ghoul,Bakery / pastry shop,Mahdia,Mahdia,"G28M+RH, Hiboun",+216 27 760 477,,Website unclear,,https://www.google.com/maps?cid=2788065152822517815,,,Low,4.1,15,"4.1★ from 15 Google reviews; no website on Google Maps; web check not done yet. A site could show product catalogue (cakes, wedding/event orders) and order contact.",Google Maps
285,Restaurant Essouk مطعم السوق,Restaurant,Mahdia,Mahdia,G22X+86W، المهدية,+216 58 646 235,,Website unclear,,https://www.google.com/maps?cid=1921506048347709426,,,Low,5.0,14,"5.0★ from 14 Google reviews; no website on Google Maps; web check not done yet. A site could show menu, photos, opening hours and reservation/WhatsApp booking.",Google Maps
286,Havana espace - مساحة هافانا,Wedding / event venue,Mahdia,Mahdia,المهدية,+216 98 530 596,,Website unclear,,https://www.google.com/maps?cid=13175952632878019948,,,Low,4.9,14,"4.9★ from 14 Google reviews; no website on Google Maps; web check not done yet. A site could show hall capacity, photo gallery, packages and availability requests.",Google Maps
287,il était une fois Mahdia,Clothing store,Mahdia,Mahdia,"Avenue ibn jazzar, Mahdia",+216 90 634 635,,Website unclear,,https://www.google.com/maps?cid=15781827370791352416,,,Low,4.8,13,4.8★ from 13 Google reviews; no website on Google Maps; web check not done yet. A site could show collection lookbook and contact.,Google Maps
288,Cap Africa Voyages,Travel agency / excursions,Mahdia,Mahdia,"Rue Seville, Mahdia 5150",+216 73 695 580,,Website unclear,,https://www.google.com/maps?cid=18156757605573930139,,,Low,5.0,13,"5.0★ from 13 Google reviews; no website on Google Maps; web check not done yet. A site could show offers/packages, Omra/visa services and enquiry form.",Google Maps
289,Dr Rym BelHadj Farhat,Veterinary clinic,Mahdia,Mahdia,Hiboun 5111,+216 20 144 209,,Website unclear,,https://www.google.com/maps?cid=518138552217568998,,,Low,4.5,13,"4.5★ from 13 Google reviews; no website on Google Maps; web check not done yet. A site could show services, emergency contact and appointment booking.",Google Maps
290,Boutique new collection mahdia,Clothing store,Mahdia,Mahdia,شارع الطاهر صفر، المهدية 5100,+216 53 799 799,,Website unclear,,https://www.google.com/maps?cid=14216263544839622074,,,Low,4.2,12,4.2★ from 12 Google reviews; no website on Google Maps; web check not done yet. A site could show collection lookbook and contact.,Google Maps
291,Cabinet dentaire Dr. Meriem Hamza,Dental clinic,Mahdia,Mahdia,"Avenue Habib Bourguiba, Immeuble Rjeb, en face de Meublatex, Mahdia",+216 28 000 854,,Social media only,,https://www.google.com/maps?cid=4051436088756251600,https://www.facebook.com/cabinetdr.meriemhamza,,Low,5.0,12,"5.0★ from 12 Google reviews; relies on social media only (link on Maps listing; own-site check pending). A site could show services, doctor profile, CNAM info and appointment booking.",Google Maps (social link on listing)
292,C2f Formation,Training centre,Mahdia,Mahdia,"2ème étage, Immeuble Kamel Kmar, Mahdia",+216 98 566 972,,Website unclear,,https://www.google.com/maps?cid=7128938304188869726,,,Low,5.0,12,"5.0★ from 12 Google reviews; no website on Google Maps; web check not done yet. A site could show courses, schedules and enrolment.",Google Maps
293,Atlantis Café Mahdia,Café,Mahdia,Mahdia,"Av. de la Corniche, Mahdia 5147",+216 99 268 383,,Website unclear,,https://www.google.com/maps?cid=14021478553044383705,,,Low,4.6,11,"4.6★ from 11 Google reviews; no website on Google Maps; web check not done yet. A site could show menu, photos, events and location page.",Google Maps
294,Cartago rent car,Car rental,Mahdia,Mahdia,"AVENUE 02 MARS 1934, Mahdia 5100",+216 99 044 766,,Website unclear,,https://www.google.com/maps?cid=3244769681063669251,,,Low,5.0,10,"5.0★ from 10 Google reviews; no website on Google Maps; web check not done yet. A site could show fleet, prices and online booking (tourists/airport customers).",Google Maps
295,Arte Provence - meuble & déco,Furniture / home & appliances,Mahdia,Mahdia,"avenue 14 janvier - corniche, Mahdia 5100",+216 24 469 777,,Website unclear,,https://www.google.com/maps?cid=8283290518594843089,,,Low,2.6,10,2.6★ from 10 Google reviews; no website on Google Maps; web check not done yet. A site could show product catalogue and showroom info.,Google Maps
296,MASRI Optic,Optician,Mahdia,Mahdia,"56 Av. Habib Bourguiba, Mahdia 5100",+216 24 169 553,,Website unclear,,https://www.google.com/maps?cid=15929966929717159634,,,Low,4.9,10,"4.9★ from 10 Google reviews; no website on Google Maps; web check not done yet. A site could show brands/catalogue, services and location.",Google Maps
297,Panorama Events,Wedding / event venue,Mahdia,Mahdia,G255+XP، المهدية,+216 97 275 814,,Website unclear,,https://www.google.com/maps?cid=12104649130201175342,,,Low,4.8,10,"4.8★ from 10 Google reviews; no website on Google Maps; web check not done yet. A site could show hall capacity, photo gallery, packages and availability requests.",Google Maps
298,Dar Lassaut Café Resto Lounge,Café,Chebba,Mahdia,"avenue habib bourguiba, La Chebba 5170",+216 58 253 333,,Website unclear,,https://www.google.com/maps?cid=5719319336363015699,,,Low,3.0,180,"3.0★ from 180 Google reviews; no website on Google Maps; web check not done yet. A site could show menu, photos, events and location page.",Google Maps
299,Mamma Lisa Cafe & Restaurant,Restaurant,Chebba,Mahdia,"Rue Sidi Marzouk, La Chebba 5170",+216 50 430 068,,Website unclear,,https://www.google.com/maps?cid=15572243625633317614,,,Low,4.3,21,"4.3★ from 21 Google reviews; no website on Google Maps; web check not done yet. A site could show menu, photos, opening hours and reservation/WhatsApp booking.",Google Maps
300,restaurant le voilier,Restaurant,Chebba,Mahdia,"64QV+8MQ, La Chebba",+216 22 856 636,,Website unclear,,https://www.google.com/maps?cid=2681668133126452917,,,Low,4.2,19,"4.2★ from 19 Google reviews; no website on Google Maps; web check not done yet. A site could show menu, photos, opening hours and reservation/WhatsApp booking.",Google Maps
301,LA BARQUE A PIZZA,Restaurant,Chebba,Mahdia,"64Q9+8MR, La Chebba",+216 21 463 996,,Website unclear,,https://www.google.com/maps?cid=4848499017944487654,,,Low,4.2,18,"4.2★ from 18 Google reviews; no website on Google Maps; web check not done yet. A site could show menu, photos, opening hours and reservation/WhatsApp booking.",Google Maps
302,Pâtisserie Lilia,Bakery / pastry shop,Chebba,Mahdia,"Avenue Habib bourguiba, La Chebba",+216 50 794 747,,Website unclear,,https://www.google.com/maps?cid=2353661034758809718,,,Low,4.1,16,"4.1★ from 16 Google reviews; no website on Google Maps; web check not done yet. A site could show product catalogue (cakes, wedding/event orders) and order contact.",Google Maps
303,Espace alianza chebba,Wedding / event venue,Chebba,Mahdia,"Route de Sfax, La Chebba",+216 27 663 239,,Website unclear,,https://www.google.com/maps?cid=2565370452325057174,,,Low,4.1,14,"4.1★ from 14 Google reviews; no website on Google Maps; web check not done yet. A site could show hall capacity, photo gallery, packages and availability requests.",Google Maps
304,Pâtisserie Plaisir Gourmand,Bakery / pastry shop,Chebba,Mahdia,64P8+VX2، الشابة,+216 21 126 548,,Website unclear,,https://www.google.com/maps?cid=14326719071323727173,,,Low,4.5,11,"4.5★ from 11 Google reviews; no website on Google Maps; web check not done yet. A site could show product catalogue (cakes, wedding/event orders) and order contact.",Google Maps
305,El Hana Cafe & Restaurant,Restaurant,El Jem,Mahdia,7PW5+65C، الجم,+216 96 576 417,,No website found,,https://www.google.com/maps?cid=9035929679520356886,,,High,4.4,262,"4.4★ from 262 Google reviews; no website found on Maps or in web search. A site could show menu, photos, opening hours and reservation/WhatsApp booking. Note: Opposite the El Jem amphitheatre; Tripadvisor #1 of 5 in El Jem; 262 Google reviews; tourist-facing - no own site or social page found.","Google Maps; WebSearch (Tripadvisor, RestaurantGuru)"
306,Restaurant Diar El Jem,Restaurant,El Jem,Mahdia,"8M2R+24M, Av. Hedi Chaker, El Jem",+216 27 444 700,,Social media only,,https://www.google.com/maps?cid=8504379364878628450,https://www.facebook.com/diareljem/,,High,4.2,76,"4.2★ from 76 Google reviews; relies on social media only. A site could show menu, photos, opening hours and reservation/WhatsApp booking. Note: 6,000+ FB likes; Av. Hedi Chaker, tourist town.",Google Maps; WebSearch (Facebook)
307,La Symphonie (Salon de thé),Café,El Jem,Mahdia,"7PX4+8F3, Ave Farhat Hached, El Jem",+216 50 051 653,,Website unclear,,https://www.google.com/maps?cid=2411292308557812980,,,Low,3.4,111,"3.4★ from 111 Google reviews; no website on Google Maps; web check not done yet. A site could show menu, photos, events and location page.",Google Maps
308,Venus Cafeshop,Café,El Jem,Mahdia,7PX4+388، الجم,+216 98 408 841,,Website unclear,,https://www.google.com/maps?cid=4052435031552113826,,,Low,4.3,35,"4.3★ from 35 Google reviews; no website on Google Maps; web check not done yet. A site could show menu, photos, events and location page.",Google Maps
309,Pâtisserie Le Roi,Bakery / pastry shop,El Jem,Mahdia,"7PV3+2JQ, C87, El Jem",+216 24 626 909,,Website unclear,,https://www.google.com/maps?cid=14109476513373467225,,,Low,4.2,18,"4.2★ from 18 Google reviews; no website on Google Maps; web check not done yet. A site could show product catalogue (cakes, wedding/event orders) and order contact.",Google Maps
310,ELjem Tapis,Furniture / home & appliances,El Jem,Mahdia,الجم 5160,+216 93 965 216,,Website unclear,,https://www.google.com/maps?cid=1716949228443545415,,,Low,3.8,12,3.8★ from 12 Google reviews; no website on Google Maps; web check not done yet. A site could show product catalogue and showroom info.,Google Maps
311,722 café resto,Restaurant,Ksour Essef,Mahdia,Avenue 02 Mars، قصور الساف 5180,+216 29 722 721,,Website unclear,,https://www.google.com/maps?cid=12435818687556375558,,,Medium,4.2,128,"4.2★ from 128 Google reviews; no website on Google Maps; web check not done yet. A site could show menu, photos, opening hours and reservation/WhatsApp booking.",Google Maps
312,FuLla Makeup Artist,Hair salon / barber,Ksour Essef,Mahdia,"près carrefour, Ksour Essaf 5121",+216 23 366 268,,Social media only,,https://www.google.com/maps?cid=4837212534390487412,https://www.facebook.com/marwa.Lacheb/,,Low,3.5,26,"3.5★ from 26 Google reviews; relies on social media only (link on Maps listing; own-site check pending). A site could show services & prices, gallery and appointment booking.",Google Maps (social link on listing)
313,Salle des Fêtes l'Opéra,Wedding / event venue,Ksour Essef,Mahdia,قصور الساف,+216 98 687 558,,Website unclear,,https://www.google.com/maps?cid=10143276626940719254,,,Low,4.2,26,"4.2★ from 26 Google reviews; no website on Google Maps; web check not done yet. A site could show hall capacity, photo gallery, packages and availability requests.",Google Maps
314,Café Hajer,Café,Ksour Essef,Mahdia,CXFX+843، قصور الساف,+216 23 454 346,,Website unclear,,https://www.google.com/maps?cid=4852650133110311733,,,Low,4.2,23,"4.2★ from 23 Google reviews; no website on Google Maps; web check not done yet. A site could show menu, photos, events and location page.",Google Maps
315,Café issa,Café,Ksour Essef,Mahdia,"Ceinture Ksour Essef Route El Jem, Ksour Essef",+216 24 747 508,,Website unclear,,https://www.google.com/maps?cid=3515307850306359101,,,Low,5.0,16,"5.0★ from 16 Google reviews; no website on Google Maps; web check not done yet. A site could show menu, photos, events and location page.",Google Maps
316,"Espace Mongia coiffure, esthétique & SPA",Hair salon / barber,Ksour Essef,Mahdia,"Rue Hammem, Ksour Essef",+216 26 609 676,,Website unclear,,https://www.google.com/maps?cid=14856628916779959862,,,Low,2.8,16,"2.8★ from 16 Google reviews; no website on Google Maps; web check not done yet. A site could show services & prices, gallery and appointment booking.",Google Maps
317,HM Food,Restaurant,Ksour Essef,Mahdia,CX9W+5H6، قصور الساف,+216 20 894 035,,Social media only,,https://www.google.com/maps?cid=14681519386321436418,https://www.facebook.com/HM-Food-107293796579071/,,Low,4.5,15,"4.5★ from 15 Google reviews; relies on social media only (link on Maps listing; own-site check pending). A site could show menu, photos, opening hours and reservation/WhatsApp booking.",Google Maps (social link on listing)
318,Pizzeria Nacer,Restaurant,Ksour Essef,Mahdia,CX8X+J44، قصور الساف,+216 25 397 505,,Website unclear,,https://www.google.com/maps?cid=17472322739482504705,,,Low,4.8,13,"4.8★ from 13 Google reviews; no website on Google Maps; web check not done yet. A site could show menu, photos, opening hours and reservation/WhatsApp booking.",Google Maps
319,cafe-food,Café,Ksour Essef,Mahdia,"C82, Ksour Essef",+216 97 710 379,,Social media only,,https://www.google.com/maps?cid=10293719891434833210,https://www.facebook.com/Cafe-food-1253821534645044/,,Low,4.0,12,"4.0★ from 12 Google reviews; relies on social media only (link on Maps listing; own-site check pending). A site could show menu, photos, events and location page.",Google Maps (social link on listing)
320,Boulangerie pâtisserie la Delizia ben slama,Bakery / pastry shop,Ksour Essef,Mahdia,Avenue Hedi Chaker، قصور الساف 5180,+216 73 665 841,,Website unclear,,https://www.google.com/maps?cid=13641576822137211115,,,Low,4.2,11,"4.2★ from 11 Google reviews; no website on Google Maps; web check not done yet. A site could show product catalogue (cakes, wedding/event orders) and order contact.",Google Maps
321,Cabinet dentaire Dr Ameni ben mariem,Dental clinic,Ksour Essef,Mahdia,"Avenue Monji Slim, Ksour Essef 5180",+216 51 848 453,,Social media only,,https://www.google.com/maps?cid=8296530739355363869,,https://www.instagram.com/dr.ameni_benmariem,Low,5.0,10,"5.0★ from 10 Google reviews; relies on social media only (link on Maps listing; own-site check pending). A site could show services, doctor profile, CNAM info and appointment booking.",Google Maps (social link on listing)
322,Pizza Napoli,Restaurant,Rejiche,Mahdia,"Corniche, Rejiche",+216 51 091 714,,Social media only,,https://www.google.com/maps?cid=327064685151016479,https://www.facebook.com/p/Pizza-Napoli-resto-caf%C3%A9-100063744482572/,,High,4.1,166,"4.1★ from 166 Google reviews; relies on social media only. A site could show menu, photos, opening hours and reservation/WhatsApp booking. Note: Resto-café on Rejiche corniche (Montazah), open 7am-1am.","Google Maps; WebSearch (Facebook, lacarte.menu)"
323,Vanilla’s cake and dessert,Bakery / pastry shop,Rejiche,Mahdia,"5121 l’avenir, Rejiche",+216 53 555 122,,Website unclear,,https://www.google.com/maps?cid=6538383709864902417,,,Medium,5.0,67,"5.0★ from 67 Google reviews; no website on Google Maps; web check not done yet. A site could show product catalogue (cakes, wedding/event orders) and order contact.",Google Maps
324,Victoria,Café,Rejiche,Mahdia,F2FX+8V2، رجيش,+216 52 444 428,,Website unclear,,https://www.google.com/maps?cid=8892726443883825564,,,Low,3.7,87,"3.7★ from 87 Google reviews; no website on Google Maps; web check not done yet. A site could show menu, photos, events and location page.",Google Maps
325,La Golosa,Bakery / pastry shop,Rejiche,Mahdia,F2GX+J9Q، رجيش,+216 21 351 390,,Website unclear,,https://www.google.com/maps?cid=2178234958266183341,,,Low,4.6,13,"4.6★ from 13 Google reviews; no website on Google Maps; web check not done yet. A site could show product catalogue (cakes, wedding/event orders) and order contact.",Google Maps
326,"O'SLIM: Restaurant Sidi Alouane, Fast Food",Restaurant,Sidi Alouane,Mahdia,9WFQ+XFG، Rue de l'indépendance، سيدي علوان 5190,+216 25 080 336,,Website unclear,,https://www.google.com/maps?cid=13780727422697251533,,,Low,5.0,24,"5.0★ from 24 Google reviews; no website on Google Maps; web check not done yet. A site could show menu, photos, opening hours and reservation/WhatsApp booking.",Google Maps
327,Café VENICIA,Café,Sidi Alouane,Mahdia,"Av. Mohamed V, Sidi Alouane",+216 21 710 312,,Website unclear,,https://www.google.com/maps?cid=3730279090122076219,,,Low,4.5,12,"4.5★ from 12 Google reviews; no website on Google Maps; web check not done yet. A site could show menu, photos, events and location page.",Google Maps
328,L’Aromate Restaurant - Pizzeria,Restaurant,Sousse,Sousse,"noureddine, Rue Ahmed Chawki, Sousse",+216 23 732 731,,Social media only,,https://www.google.com/maps?cid=16596119270647128144,https://www.facebook.com/p/LAromate-Restaurant-Pizzeria-100064778706389/,,High,4.1,1105,"4.1★ from 1105 Google reviews; relies on social media only. A site could show menu, photos, opening hours and reservation/WhatsApp booking. Note: 1,100+ Google reviews; Tripadvisor #27 of 152; only auto-generated/aggregator pages (foodplacee, restaurantguru).","Google Maps; WebSearch (Tripadvisor, Facebook)"
329,Restaurant café Dar Amna,Restaurant,Sousse,Sousse,"43, Souk el Kaied N, Avenue, Sousse 4000",+216 28 664 224,,Social media only,,https://www.google.com/maps?cid=7305618635290444524,https://www.facebook.com/profile.php?id=100008540799098,Instagram tag pages only,High,4.7,604,"4.7★ from 604 Google reviews; relies on social media only. A site could show menu, photos, opening hours and reservation/WhatsApp booking. Note: Restored old house with souk-view terrace; 604 reviews at 4.7; Tripadvisor 4.6.","Google Maps; WebSearch (Tripadvisor, RestaurantGuru, Instagram)"
330,Restaurant At Bibichou's,Restaurant,Sousse,Sousse,"ave Mohamed V, Sousse",+216 24 448 777,,Social media only,,https://www.google.com/maps?cid=12385212096647327756,https://www.facebook.com/p/Restaurant-chez-bibichou-100064035495572/,https://www.instagram.com/restaurant.chez.bibichou/,High,4.5,511,"4.5★ from 511 Google reviews; relies on social media only. A site could show menu, photos, opening hours and reservation/WhatsApp booking. Note: Seafood near the port; Tripadvisor #29 of 160.","Google Maps; WebSearch (Tripadvisor, Facebook, Instagram)"
331,Café Beb Al Medina,Restaurant,Sousse,Sousse,"Place sidi yahia, Soula center, Sousse 4000",+216 29 594 200,,Social media only,,https://www.google.com/maps?cid=5623787205324057917,https://www.facebook.com/BEBAlMedina/,,High,4.1,498,"4.1★ from 498 Google reviews; relies on social media only. A site could show menu, photos, opening hours and reservation/WhatsApp booking. Note: Rooftop café on Soula Center overlooking the medina/port; Tripadvisor #13 of 152.","Google Maps; WebSearch (Tripadvisor, Foursquare)"
332,High 5 Restaurant,Restaurant,Sousse,Sousse,RJM3+4F8، سوسة,+216 58 010 151,,Social media only,,https://www.google.com/maps?cid=13108681925077961688,https://www.facebook.com/p/High-Five-Restaurant-61555748670583/,https://www.instagram.com/high_five_restaurant/,High,4.3,442,"4.3★ from 442 Google reviews; relies on social media only. A site could show menu, photos, opening hours and reservation/WhatsApp booking. Note: 20k Instagram followers; buffet brunch.","Google Maps; WebSearch (Facebook, Instagram)"
333,Café et Restaurant Kasbah,Café,Sousse,Sousse,"Beb El Gharbi,Rue Souk El Kaid, 4000",+216 20 595 066,,Social media only,,https://www.google.com/maps?cid=13877015329258833586,,https://www.instagram.com/cafe.resto.kasbah/,High,4.5,390,"4.5★ from 390 Google reviews; relies on social media only. A site could show menu, photos, events and location page. Note: 100-year-old building in the medina with rooftop; Petit Futé listed; tourist-facing.","Google Maps; WebSearch (Instagram, Tripadvisor, Petit Futé)"
334,Restaurant Per Voi,Restaurant,Sousse,Sousse,"Per Voi, Sousse 4054",+216 20 217 090,,Social media only,,https://www.google.com/maps?cid=9721836855091146869,https://www.facebook.com/61561101398999/,https://www.instagram.com/pervoi_restaurant/,High,4.6,293,"4.6★ from 293 Google reviews; relies on social media only. A site could show menu, photos, opening hours and reservation/WhatsApp booking. Note: Upscale Italian in Sahloul; Glovo/ZigZag delivery listings only (per-voi.de is an unrelated German restaurant).","Google Maps; WebSearch (Facebook, Glovo, RestaurantGuru)"
335,Helmi hairstyle,Hair salon / barber,Sousse,Sousse,"1ème étage Bureau 1-2, Immeuble Tartella, Avenue Yasser Arafet, Sousse 4054",+216 20 223 231,,Social media only,,https://www.google.com/maps?cid=13089529018871353190,,https://www.instagram.com/helmi_hairstyle/,High,4.9,284,"4.9★ from 284 Google reviews; relies on social media only. A site could show services & prices, gallery and appointment booking. Note: Helmi Sahli hair salon, Imm. Tartella Sahloul; Instagram/TikTok only.","Google Maps; WebSearch (Instagram, TikTok)"
336,Fleur d'orient,Restaurant,Sousse,Sousse,"En face de Statue, Habib Bourguiba, Sousse 4000",+216 20 223 036,20220909 (Tripadvisor),Social media only,,https://www.google.com/maps?cid=14543361619747962065,https://www.facebook.com/FleurdorientSousse/,,High,4.3,257,"4.3★ from 257 Google reviews; relies on social media only. A site could show menu, photos, opening hours and reservation/WhatsApp booking. Note: Opposite Bourguiba statue / medina; Tripadvisor #10 of 156.","Google Maps; WebSearch (Tripadvisor, Facebook)"
337,Restaurant Mamma Chami Sousse,Restaurant,Sousse,Sousse,"RJV9+WJ2, Av. Khezama, Sousse",+216 20 444 406,,Social media only,,https://www.google.com/maps?cid=13930313224756720593,https://www.facebook.com/p/Mamma-Chami-Sousse-61568459271504/,https://www.instagram.com/mamma_chami_sousse/,High,4.5,246,"4.5★ from 246 Google reviews; relies on social media only. A site could show menu, photos, opening hours and reservation/WhatsApp booking. Note: Branch of the Mamma Chami brand (since 2006, also in Monastir); only delivery-app listings (Yassir, Thunder Express).","Google Maps; WebSearch (Facebook, Instagram, delivery apps)"
338,Eddar Darek,Restaurant,Sousse,Sousse,شارع البرتقال، سوسة,+216 20 399 082,,No website found,,https://www.google.com/maps?cid=1693218338801541731,,,High,4.3,226,"4.3★ from 226 Google reviews; no website found on Maps or in web search. A site could show menu, photos, opening hours and reservation/WhatsApp booking. Note: Traditional themed Tunisian restaurant, Av. des Orangers; Tripadvisor #31 of 153; open for years.","Google Maps; WebSearch (Tripadvisor, Foursquare, RestaurantGuru)"
339,Farms West Sousse,Restaurant,Sousse,Sousse,2 شارع الحرية، سوسة 4054,+216 58 370 613,,Social media only,,https://www.google.com/maps?cid=295581042315408766,https://www.facebook.com/farms.west.sousse/,,High,4.0,220,"4.0★ from 220 Google reviews; relies on social media only. A site could show menu, photos, opening hours and reservation/WhatsApp booking. Note: Grill/café-resto Sahloul 2; email Farmswestsousse2018@gmail.com.","Google Maps; WebSearch (Facebook, RestaurantGuru)"
340,Restaurant Una Storia Della Vita,Restaurant,Sousse,Sousse,"Bd du 14 Janvier, Sousse 4000",+216 73 221 499,,Social media only,,https://www.google.com/maps?cid=6473125337605656097,https://www.facebook.com/R.UNA.STORIA/,,High,4.0,211,"4.0★ from 211 Google reviews; relies on social media only. A site could show menu, photos, opening hours and reservation/WhatsApp booking. Note: Long-running Italian restaurant with courtyard and live music, Bd 14 Janvier.","Google Maps; WebSearch (Facebook, Tripadvisor, onamangepourvous.tn)"
341,"Salon Marwen Nsir ""coiffure _visagiste""",Hair salon / barber,Sousse,Sousse,"Corniche, Rue Mongi Slim, Sousse 4000",+216 54 683 395,,Social media only,,https://www.google.com/maps?cid=9016076902026693333,https://www.facebook.com/Marwen.Nsir.Coiff/,https://instagram.com/salonmarwennsir,High,4.8,208,"4.8★ from 208 Google reviews; relies on social media only. A site could show services & prices, gallery and appointment booking. Note: Men's stylist on the Corniche.","Google Maps; WebSearch (Facebook, Yandex)"
342,Cabinet Dr. Omar Chatti - Dentiste,Dental clinic,Sousse,Sousse,"Bloc A, 2ème étage, Wejdene Center, Bureau 202, Khezama 4071",+216 58 293 939,,Social media only,,https://www.google.com/maps?cid=2561495457538659515,https://www.facebook.com/112988828079377,https://www.instagram.com/dr_omart/,High,4.9,191,"4.9★ from 191 Google reviews; relies on social media only. A site could show services, doctor profile, CNAM info and appointment booking. Note: 'OC Dental Clinic'; targets dental tourists (SmileJet profile) but has no own site - strong fit.","Google Maps; WebSearch (Facebook, Instagram, soussedoc.com, smilejet.app)"
343,Clinique vétérinaire vet 27,Veterinary clinic,Sousse,Sousse,RJW3+VGG، شارع الإمام مسلم، Khezama Ouest 4071,+216 28 884 898,99096100,Social media only,,https://www.google.com/maps?cid=2053650030940487619,https://www.facebook.com/p/Clinique-v%C3%A9t%C3%A9rinaire-Vet27-100082857446276/,https://www.instagram.com/clinique_veterinaire_vet27/,High,4.8,176,"4.8★ from 176 Google reviews; relies on social media only. A site could show services, emergency contact and appointment booking. Note: Home visits, surgery, grooming, boarding; email clinique-vet27@hotmail.com. DUPLICATE: the Maps listing 'Clinique Vétérinaire De Sousse' uses the same phone 99096100 - merged.","Google Maps; WebSearch (Facebook, Instagram)"
344,INVICTUS RESTAURANT,Restaurant,Sousse,Sousse,"VJ38+MC3 Khezama zone touristique, Av. 14 Janvier, Sousse 4051",+216 28 048 282,55645406 (RestaurantGuru),Social media only,,https://www.google.com/maps?cid=10937904823565657716,,,High,4.4,175,"4.4★ from 175 Google reviews; relies on social media only. A site could show menu, photos, opening hours and reservation/WhatsApp booking. Note: Chef Karim M'halla, Khezama tourist zone; Tripadvisor/Jawhara FM coverage; only auto-generated menu page (menufyy).","Google Maps; WebSearch (Tripadvisor, Jawhara FM, TikTok)"
345,PASTAGRAM- PASTA BAR-,Restaurant,Sousse,Sousse,"khzema ouest, Rue Hssan Ben Said, Sousse 4071",+216 94 810 110,,Social media only,,https://www.google.com/maps?cid=4117149558470418494,https://www.facebook.com/PastagramPastaBAR/,https://www.instagram.com/pastagram_pastabar_/,High,4.8,175,"4.8★ from 175 Google reviews; relies on social media only. A site could show menu, photos, opening hours and reservation/WhatsApp booking. Note: First pasta bar in Sousse; Tripadvisor 5.0.","Google Maps; WebSearch (Facebook, Instagram, Tripadvisor)"
346,the barber club 61,Hair salon / barber,Sousse,Sousse,"slim centre, Bd du 14 Janvier, Sousse 4051",+216 58 571 217,73205344 / WhatsApp 29667191,Social media only,,https://www.google.com/maps?cid=18362051883421441025,https://www.facebook.com/p/barberclub61-100047843504606/,https://www.instagram.com/barberclub61/,High,4.8,171,"4.8★ from 171 Google reviews; relies on social media only. A site could show services & prices, gallery and appointment booking. Note: Slim Centre, open 7/7.","Google Maps; WebSearch (Instagram, Facebook)"
347,Société Joud Informatique,Computer / phone shop,Sousse,Sousse,"Av. du 20 Mars 1956, Sousse 4000",+216 54 100 041,,Social media only,,https://www.google.com/maps?cid=17124926931789200742,https://www.facebook.com/SocieteJoudInformatique/,,High,5.0,127,"5.0★ from 127 Google reviews; relies on social media only. A site could show products, repair services and contact. Note: IT hardware showroom, Rue 20 Mars (Imm. Aoun); 5.0 with 127 reviews; directories + FB only.","Google Maps; WebSearch (Facebook, LinkedIn, goafricaonline)"
348,Le Petit Cafe Maure Sousse Medina,Café,Sousse,Sousse,"Souk el Caid, Sousse 4000",+216 98 607 306,,Social media only,,https://www.google.com/maps?cid=14049526299939685459,https://www.facebook.com/petit.cafe.maure/,,High,4.7,126,"4.7★ from 126 Google reviews; relies on social media only. A site could show menu, photos, events and location page. Note: Traditional café in the medina, recently renovated (tunisie.co coverage); Tripadvisor 4.7.","Google Maps; WebSearch (Facebook, Tripadvisor, tunisie.co)"
349,Auto Ecole Aymen Sousse,Driving school,Sousse,Sousse,"7 Rue des jardins, Av. Khezama, Sousse 4051",+216 27 114 911,,Social media only,,https://www.google.com/maps?cid=12696995749660447958,https://www.facebook.com/auto.ecole.aymen.bajjar/,,High,5.0,116,"5.0★ from 116 Google reviews; relies on social media only. A site could show licence packages, prices and enrolment form. Note: Driving school, 116 reviews at 5.0; ~4.8k FB likes.","Google Maps; WebSearch (Facebook, Yandex)"
350,IL TRANCIO Pizza sousse,Restaurant,Sousse,Sousse,"en face Café K-West, Av. Hassen Ibn Said, khezama ouest, Sousse 4071",+216 25 181 911,,Social media only,,https://www.google.com/maps?cid=17351988968949269145,,https://www.instagram.com/iltranciopizzasousse/,High,4.9,111,"4.9★ from 111 Google reviews; relies on social media only. A site could show menu, photos, opening hours and reservation/WhatsApp booking. Note: Pizza al taglio, Khezama Ouest; Thunder Express delivery listing.","Google Maps; WebSearch (Instagram, Thunder Express)"
351,Extra Fitness vip gym,Gym / fitness,Sousse,Sousse,"Sahloul, Sousse",+216 56 668 888,,Social media only,,https://www.google.com/maps?cid=15194270959137056732,https://www.facebook.com/p/EXTRA-Fitness-vip-gym-100064572136841/,https://www.instagram.com/extra_fitness_vip_gym/,High,4.5,107,"4.5★ from 107 Google reviews; relies on social media only. A site could show memberships, class schedule and trainer profiles. Note: Large bodybuilding/fitness gym; extra-fitness.com is unrelated.","Google Maps; WebSearch (Facebook, Instagram)"
352,Restaurant el Ferdaws,Restaurant,Sousse,Sousse,"Rue Braunschweig Beb Bhar, à côté du Théâtre municipal, Sousse 4000",+216 73 229 908,,Social media only,,https://www.google.com/maps?cid=17157892218916843617,https://www.facebook.com/Restaurantferdaws/,,High,4.2,102,"4.2★ from 102 Google reviews; relies on social media only. A site could show menu, photos, opening hours and reservation/WhatsApp booking. Note: Operating since 1987 next to the Municipal Theatre; Tripadvisor 4.5.","Google Maps; WebSearch (Facebook, Tripadvisor)"
353,Location de voiture Zitouna rent a car sousse,Car rental,Sousse,Sousse,"rue george gorse, Sousse",+216 98 456 893,29296889 (FB post),Social media only,,https://www.google.com/maps?cid=14735172797227152410,https://www.facebook.com/zitounarentacar/,,High,4.8,95,"4.8★ from 95 Google reviews; relies on social media only. A site could show fleet, prices and online booking (tourists/airport customers). Note: Car rental in business ~21 years (4 rue Tabla); no booking website.","Google Maps; WebSearch (Facebook, aslama.tn, bt-africa)"
354,Sahloul Barbershop,Hair salon / barber,Sousse,Sousse,"1 rue el mosel, Sousse 4054",+216 20 893 616,,Website unclear,,https://www.google.com/maps?cid=6552705346441470538,https://www.facebook.com/SahloulCoiffeur,,Medium,5.0,535,"5.0★ from 535 Google reviews; no website on Google Maps; web check not done yet. A site could show services & prices, gallery and appointment booking. Note: 535 reviews at 5.0; no own site found; social page match unconfirmed.",Google Maps; WebSearch
355,MIAM'S SAHLOUL,Restaurant,Sousse,Sousse,شارع الإمام بخاري، سوسة,+216 56 358 111,,Website unclear,,https://www.google.com/maps?cid=3108367916793386496,,,Medium,4.2,131,"4.2★ from 131 Google reviews; no website on Google Maps; web check not done yet. A site could show menu, photos, opening hours and reservation/WhatsApp booking.",Google Maps
356,Bonépi Sousse,Bakery / pastry shop,Sousse,Sousse,RJP6+Q3M، شارع خليفة القروي، سوسة,+216 53 430 347,,Website unclear,,https://www.google.com/maps?cid=3048528717521575370,,,Medium,4.1,127,"4.1★ from 127 Google reviews; no website on Google Maps; web check not done yet. A site could show product catalogue (cakes, wedding/event orders) and order contact.",Google Maps
357,Glamour Centre Spa,Hair salon / barber,Sousse,Sousse,"Rue 14 Janvier, Khzema, Sousse 4051",+216 26 283 838,,Website unclear,,https://www.google.com/maps?cid=14617345231074474500,,,Medium,4.3,127,"4.3★ from 127 Google reviews; no website on Google Maps; web check not done yet. A site could show services & prices, gallery and appointment booking.",Google Maps
358,The secret coffee,Café,Sousse,Sousse,VJ28+96H، سوسة,+216 92 500 500,,Website unclear,,https://www.google.com/maps?cid=1954060519066259447,,,Medium,4.0,120,"4.0★ from 120 Google reviews; no website on Google Maps; web check not done yet. A site could show menu, photos, events and location page.",Google Maps
359,Hair style By oussama,Hair salon / barber,Sousse,Sousse,"4 Rue de L'église, Sousse 4000",+216 20 524 024,,Website unclear,,https://www.google.com/maps?cid=2347947242645503891,,,Medium,4.9,115,"4.9★ from 115 Google reviews; no website on Google Maps; web check not done yet. A site could show services & prices, gallery and appointment booking.",Google Maps
360,ANBAR Restaurant مطعم عنبر,Restaurant,Sousse,Sousse,"Rue des Palmiers, Sousse",+216 27 584 323,,Social media only,,https://www.google.com/maps?cid=18074510884284297328,https://www.facebook.com/ANBAR.RESTO/,,Medium,4.7,98,"4.7★ from 98 Google reviews; relies on social media only (link on Maps listing; own-site check pending). A site could show menu, photos, opening hours and reservation/WhatsApp booking.",Google Maps (social link on listing)
361,ESSOUKRI Pâtisserie Et Salon De Thé,Café,Sousse,Sousse,"RJHR+RVP, Rue de l'Indépendance, Sousse",+216 50 400 828,,Social media only,,https://www.google.com/maps?cid=11396948791687739837,https://www.facebook.com/Essoukri-1414779905480241/,,Medium,4.1,97,"4.1★ from 97 Google reviews; relies on social media only (link on Maps listing; own-site check pending). A site could show menu, photos, events and location page.",Google Maps (social link on listing)
362,Café ajdad,Café,Sousse,Sousse,"Rue Othmane Osmane, Sousse 4000",+216 93 267 138,,Website unclear,,https://www.google.com/maps?cid=17319053294878994073,,,Medium,4.8,95,"4.8★ from 95 Google reviews; no website on Google Maps; web check not done yet. A site could show menu, photos, events and location page.",Google Maps
363,Boulangerie & Pâtisserie Flora,Bakery / pastry shop,Sousse,Sousse,"Avenue Mongi Grira, Sousse 4054",+216 25 037 196,,Website unclear,,https://www.google.com/maps?cid=13716734074035282738,,,Medium,4.2,92,"4.2★ from 92 Google reviews; no website on Google Maps; web check not done yet. A site could show product catalogue (cakes, wedding/event orders) and order contact.",Google Maps
364,Pâtisserie Madame Hachicha,Bakery / pastry shop,Sousse,Sousse,VJ36+HRJ، سوسة,+216 73 240 739,,Website unclear,,https://www.google.com/maps?cid=4533014086957766949,,,Medium,4.4,90,"4.4★ from 90 Google reviews; no website on Google Maps; web check not done yet. A site could show product catalogue (cakes, wedding/event orders) and order contact.",Google Maps
365,Restaurant BABA ALI,Restaurant,Sousse,Sousse,"Medina, Sousse",+216 27 118 018,,Website unclear,,https://www.google.com/maps?cid=17381430920322234252,,,Medium,4.9,84,"4.9★ from 84 Google reviews; no website on Google Maps; web check not done yet. A site could show menu, photos, opening hours and reservation/WhatsApp booking.",Google Maps
366,Pâtisserie zaanouni,Bakery / pastry shop,Sousse,Sousse,RHVQ+423، سوسة,+216 55 869 044,,Website unclear,,https://www.google.com/maps?cid=15380629791409269980,,,Medium,4.0,82,"4.0★ from 82 Google reviews; no website on Google Maps; web check not done yet. A site could show product catalogue (cakes, wedding/event orders) and order contact.",Google Maps
367,Pâtisserie le jasmin,Bakery / pastry shop,Sousse,Sousse,RJV8+JJ2، سوسة,+216 20 253 000,,Website unclear,,https://www.google.com/maps?cid=904818882015367575,,,Medium,4.4,81,"4.4★ from 81 Google reviews; no website on Google Maps; web check not done yet. A site could show product catalogue (cakes, wedding/event orders) and order contact.",Google Maps
368,Cool Tounsi,Restaurant,Sousse,Sousse,"مقابل قهوة الأمير, شارع فلسطين, Sousse 4054",+216 50 228 166,,Social media only,,https://www.google.com/maps?cid=947174409259283170,https://www.facebook.com/Cooltounsi2021/,,Medium,4.5,78,"4.5★ from 78 Google reviews; relies on social media only (link on Maps listing; own-site check pending). A site could show menu, photos, opening hours and reservation/WhatsApp booking.",Google Maps (social link on listing)
369,Dr Harrabi Wala Dental Clinic,Dental clinic,Sousse,Sousse,"au dessus Z'animo, Sahloul, près rond point Yachting, Rue Sadok Mazigh, Sousse 4054",+216 51 784 784,,Social media only,,https://www.google.com/maps?cid=5976335292672485541,,https://www.instagram.com/dr.wallouta,Medium,5.0,78,"5.0★ from 78 Google reviews; relies on social media only (link on Maps listing; own-site check pending). A site could show services, doctor profile, CNAM info and appointment booking.",Google Maps (social link on listing)
370,Restaurant La gondole,Restaurant,Sousse,Sousse,"Bd du 14 Janvier, Sousse 4039",+216 20 315 777,,Website unclear,,https://www.google.com/maps?cid=16706255206543381337,,,Medium,4.4,76,"4.4★ from 76 Google reviews; no website on Google Maps; web check not done yet. A site could show menu, photos, opening hours and reservation/WhatsApp booking.",Google Maps
371,L'Olympe Gym,Gym / fitness,Sousse,Sousse,résidence l'Elysée، Avenue Taieb Mhiri، سوسة 4000,+216 73 226 146,,Website unclear,,https://www.google.com/maps?cid=15660554713234472277,,,Medium,4.0,75,"4.0★ from 75 Google reviews; no website on Google Maps; web check not done yet. A site could show memberships, class schedule and trainer profiles.",Google Maps
372,California Gym Sousse,Gym / fitness,Sousse,Sousse,Centre commercial Tej Marhaba، سوسة 4000,+216 36 013 060,,Website unclear,,https://www.google.com/maps?cid=7519450731729291985,,,Medium,4.2,70,"4.2★ from 70 Google reviews; no website on Google Maps; web check not done yet. A site could show memberships, class schedule and trainer profiles.",Google Maps
373,Queen Beauty center by Hela,Hair salon / barber,Sousse,Sousse,"Immeuble Jallah 2éme étage, 71 Av. Léopold Senghor, Sousse",+216 24 630 668,,Website unclear,,https://www.google.com/maps?cid=6639278625686596315,,,Medium,4.9,67,"4.9★ from 67 Google reviews; no website on Google Maps; web check not done yet. A site could show services & prices, gallery and appointment booking.",Google Maps
374,Daily Grind CoffeeShop,Café,Sousse,Sousse,"Avenue Mongi Grira, Sousse 4054",+216 29 501 500,,Website unclear,,https://www.google.com/maps?cid=8498870336886441038,,,Medium,5.0,67,"5.0★ from 67 Google reviews; no website on Google Maps; web check not done yet. A site could show menu, photos, events and location page.",Google Maps
375,MAISON LAZREG OPTIQUE,Optician,Sousse,Sousse,"immeuble taher tarmiz en face biat banque, Rue Dr Moreau, Sousse",+216 51 936 077,,Website unclear,,https://www.google.com/maps?cid=9271655227939073751,,,Medium,5.0,67,"5.0★ from 67 Google reviews; no website on Google Maps; web check not done yet. A site could show brands/catalogue, services and location.",Google Maps
376,Cabinet Dr. Raoudha Bouhouch,Dental clinic,Sousse,Sousse,"Immeuble Badr, au dessus de Carrefour Market Khezama, Bloc B, Bureau 6.1, Sousse 4071",+216 25 777 001,,Website unclear,,https://www.google.com/maps?cid=15753088326422636091,,,Medium,4.7,63,"4.7★ from 63 Google reviews; no website on Google Maps; web check not done yet. A site could show services, doctor profile, CNAM info and appointment booking.",Google Maps
377,STUDIO ACHRAF photographe de mariage sousse,Photography studio,Sousse,Sousse,"rue 1 er juin 1955 Sousse, 4061",+216 98 527 936,,Website unclear,,https://www.google.com/maps?cid=5234892614690211300,,,Medium,5.0,62,5.0★ from 62 Google reviews; no website on Google Maps; web check not done yet. A site could show portfolio and booking packages.,Google Maps
378,Dar Baaziz,Guest house / rentals,Sousse,Sousse,7 RUE SIDI BAAZIZ Médina de Sousse، سوسة 4000,+216 98 400 154,,Social media only,,https://www.google.com/maps?cid=15557528814442097216,https://www.facebook.com/darbaaziz.sousse/,,Medium,4.4,62,"4.4★ from 62 Google reviews; relies on social media only (link on Maps listing; own-site check pending). A site could show rooms, photos and direct booking.",Google Maps (social link on listing)
379,Dentiste Sousse Cabinet dentaire Dr. Radhouani,Dental clinic,Sousse,Sousse,"Carrefour, Résidence Eya, Sousse",+216 56 612 816,,Social media only,,https://www.google.com/maps?cid=15086019980803065783,,https://www.instagram.com/dr.radhouani,Medium,4.9,61,"4.9★ from 61 Google reviews; relies on social media only (link on Maps listing; own-site check pending). A site could show services, doctor profile, CNAM info and appointment booking.",Google Maps (social link on listing)
380,SBS INFORMATIQUE PLUS,Computer / phone shop,Sousse,Sousse,12 شارع الرائد البجاوي، سوسة 4000,+216 55 345 474,,Website unclear,,https://www.google.com/maps?cid=4003801572199949177,,,Medium,4.8,61,"4.8★ from 61 Google reviews; no website on Google Maps; web check not done yet. A site could show products, repair services and contact.",Google Maps
381,Maison Yasmin Beauty,Beauty salon / spa,Sousse,Sousse,"Derrière le tribunal Sousse 2, Imm. Ben Hamouda, Sahloul 4, Sousse 4000",+216 22 527 937,,Website unclear,,https://www.google.com/maps?cid=919115674720512255,,,Medium,4.9,61,"4.9★ from 61 Google reviews; no website on Google Maps; web check not done yet. A site could show service menu, prices, gallery and booking.",Google Maps
382,Tanouicha,Restaurant,Sousse,Sousse,"Rue Imam Muslim khezama, Sousse 4071",+216 51 087 886,,Website unclear,,https://www.google.com/maps?cid=952378051747292859,,,Medium,5.0,59,"5.0★ from 59 Google reviews; no website on Google Maps; web check not done yet. A site could show menu, photos, opening hours and reservation/WhatsApp booking.",Google Maps
383,Pâtisserie Sellami,Bakery / pastry shop,Sousse,Sousse,سوسة,+216 73 270 194,,Website unclear,,https://www.google.com/maps?cid=17434332336333564415,,,Medium,4.0,52,"4.0★ from 52 Google reviews; no website on Google Maps; web check not done yet. A site could show product catalogue (cakes, wedding/event orders) and order contact.",Google Maps
384,Clinique dentaire ORALIA : Dr Dorsaf TOUIL & Dr Anissa Ben Moussa,Dental clinic,Sousse,Sousse,"Boulevard du 14 Janvier, Sousse",+216 50 326 326,,Website unclear,,https://www.google.com/maps?cid=988655973536841030,,,Medium,5.0,51,"5.0★ from 51 Google reviews; no website on Google Maps; web check not done yet. A site could show services, doctor profile, CNAM info and appointment booking.",Google Maps
385,Mayssa Beauty Lounge,Beauty salon / spa,Sousse,Sousse,"Le vicomte deuxième étage , Khzama ouest, 4071",+216 54 502 154,,Website unclear,,https://www.google.com/maps?cid=8082878066580787642,,,Medium,4.5,49,"4.5★ from 49 Google reviews; no website on Google Maps; web check not done yet. A site could show service menu, prices, gallery and booking.",Google Maps
386,Pause Beauté Sousse,Beauty salon / spa,Sousse,Sousse,RHPX+73P، سوسة,+216 46 511 446,,Social media only,,https://www.google.com/maps?cid=3257639208558034659,https://www.facebook.com/PauseBeauteSousse,,Medium,5.0,49,"5.0★ from 49 Google reviews; relies on social media only (link on Maps listing; own-site check pending). A site could show service menu, prices, gallery and booking.",Google Maps (social link on listing)
387,Sedna Coffee Shop,Café,Sousse,Sousse,VJ38+83Q، شارع الزيتونة، سوسة,+216 24 734 834,,Social media only,,https://www.google.com/maps?cid=2261088219631060114,,https://www.instagram.com/sedna_sousse,Medium,4.5,47,"4.5★ from 47 Google reviews; relies on social media only (link on Maps listing; own-site check pending). A site could show menu, photos, events and location page.",Google Maps (social link on listing)
388,Sweet Time pâtisserie cherif,Café,Sousse,Sousse,RJJJ+HX6، شارع الجمهورية، سوسة,+216 93 992 964,,Social media only,,https://www.google.com/maps?cid=12696218471381342086,https://www.facebook.com/Sweet-Time-caf%C3%A9-1394081377526531/,,Medium,4.3,45,"4.3★ from 45 Google reviews; relies on social media only (link on Maps listing; own-site check pending). A site could show menu, photos, events and location page.",Google Maps (social link on listing)
389,AZ hairstyle,Hair salon / barber,Sousse,Sousse,RJGJ+XX3، سوسة,+216 23 023 911,,Website unclear,,https://www.google.com/maps?cid=6895483719944083118,,,Medium,5.0,43,"5.0★ from 43 Google reviews; no website on Google Maps; web check not done yet. A site could show services & prices, gallery and appointment booking.",Google Maps
390,Driving School Sofiane Najjar,Driving school,Sousse,Sousse,شارع فيكتور هوڠو، سوسة 4000,+216 21 250 005,,Social media only,,https://www.google.com/maps?cid=8005796855269068962,https://www.facebook.com/Auto-ecole-Sofiane-Najjar-290860434415843/,,Medium,5.0,43,"5.0★ from 43 Google reviews; relies on social media only (link on Maps listing; own-site check pending). A site could show licence packages, prices and enrolment form.",Google Maps (social link on listing)
391,Patisserie les perles,Bakery / pastry shop,Sousse,Sousse,RJQF+CFC، سوسة,+216 98 606 952,,Website unclear,,https://www.google.com/maps?cid=12013872050706206395,,,Medium,4.2,42,"4.2★ from 42 Google reviews; no website on Google Maps; web check not done yet. A site could show product catalogue (cakes, wedding/event orders) and order contact.",Google Maps
392,Pro Vision OPTIC Sousse,Optician,Sousse,Sousse,MAG1 شارع ليوپولد سيدار سنڠور، سوسة 4000,+216 46 520 041,,Website unclear,,https://www.google.com/maps?cid=9645836098479121099,,,Medium,5.0,41,"5.0★ from 41 Google reviews; no website on Google Maps; web check not done yet. A site could show brands/catalogue, services and location.",Google Maps
393,DIAGBENZ,Auto repair / service,Sousse,Sousse,"2 Rue du Commandant Bejaoui, Sousse 4000",+216 56 182 000,,Social media only,https://sites.google.com/view/diagbenz/accueil,https://www.google.com/maps?cid=1767903816552399886,,,Medium,5.0,34,"5.0★ from 34 Google reviews; relies on social media only (link on Maps listing; own-site check pending). A site could show services, diagnostics offer and quote requests.",Google Maps (social link on listing)
394,Cabinet Vétérinaire CANIVET (Dr Fatma Ben Salem),Veterinary clinic,Sousse,Sousse,"22 Rue ibn badis, Sousse",+216 53 302 010,,Social media only,,https://www.google.com/maps?cid=8533224917010771225,https://www.facebook.com/profile.php?id=100061838149386,,Medium,4.8,30,"4.8★ from 30 Google reviews; relies on social media only (link on Maps listing; own-site check pending). A site could show services, emergency contact and appointment booking.",Google Maps (social link on listing)
395,Meridian Voyages,Travel agency / excursions,Sousse,Sousse,"1er etage, en face de carrefour, Immeuble Mosrati, Av Rabaa El Adaoui, Sousse 4000",+216 21 988 899,,Social media only,,https://www.google.com/maps?cid=7237790475229729017,https://www.facebook.com/Meridian.Voyages.Sousse,,Medium,5.0,30,"5.0★ from 30 Google reviews; relies on social media only (link on Maps listing; own-site check pending). A site could show offers/packages, Omra/visa services and enquiry form.",Google Maps (social link on listing)
396,Soft Glow,Hair salon / barber,Sousse,Sousse,"à côté de Hammadi Abid Khezama, Rue El Moez, Sousse 4051",+216 56 445 441,,Social media only,https://sites.google.com/view/soft-glow/accueil,https://www.google.com/maps?cid=15997025424899042433,,,Medium,4.8,26,"4.8★ from 26 Google reviews; relies on social media only (link on Maps listing; own-site check pending). A site could show services & prices, gallery and appointment booking.",Google Maps (social link on listing)
397,Amine optic,Optician,Sousse,Sousse,rue abdesslem nebli Bouhcina، سوسة 4000,+216 99 672 996,,Social media only,,https://www.google.com/maps?cid=6952288810918866883,https://www.facebook.com/pages/AMINE-OPTIC/59951963763,,Medium,4.9,25,"4.9★ from 25 Google reviews; relies on social media only (link on Maps listing; own-site check pending). A site could show brands/catalogue, services and location.",Google Maps (social link on listing)
398,OPTIKRAM,Optician,Sousse,Sousse,RJHM+PC5، شارع محمد معروف، سوسة,+216 73 210 518,,Social media only,,https://www.google.com/maps?cid=8984711821166343762,https://www.facebook.com/optikram/,,Medium,5.0,23,"5.0★ from 23 Google reviews; relies on social media only (link on Maps listing; own-site check pending). A site could show brands/catalogue, services and location.",Google Maps (social link on listing)
399,Dentiste Dr Khaoula Bouaziz-sousse,Dental clinic,Sousse,Sousse,"1er étage - bureau 3, Immeuble Hasdrubal, Av. de Yasser Arafat, Sousse",+216 28 555 400,,Social media only,,https://www.google.com/maps?cid=12862992566655913510,,https://www.instagram.com/cabinet_dr_khaoula_bouaziz/,Medium,5.0,22,"5.0★ from 22 Google reviews; relies on social media only (link on Maps listing; own-site check pending). A site could show services, doctor profile, CNAM info and appointment booking.",Google Maps (social link on listing)
400,مقهى ميو موندو Mio Mondo,Café,Sousse,Sousse,"route touristique khezema, Av. 14 Janvier, Sousse 4057",+216 50 727 071,,Social media only,,https://www.google.com/maps?cid=5643788232629457034,https://www.facebook.com/miomondo.coffeeandmore,,Low,3.9,1489,"3.9★ from 1489 Google reviews; relies on social media only (link on Maps listing; own-site check pending). A site could show menu, photos, events and location page.",Google Maps (social link on listing)
401,Bruschetta Restaurant,Restaurant,Sousse,Sousse,"Av. de Yasser Arafat en face Banque Zitouna, Sousse",+216 54 551 467,,Website unclear,,https://www.google.com/maps?cid=237240106760021437,,,Low,3.9,1131,"3.9★ from 1131 Google reviews; no website on Google Maps; web check not done yet. A site could show menu, photos, opening hours and reservation/WhatsApp booking.",Google Maps
402,Casa del Gelato cafe,Café,Sousse,Sousse,"Avenue 14 Janvier, Av. Khezama، سوسة",+216 73 270 650,,Website unclear,,https://www.google.com/maps?cid=3283887432331964668,,,Low,3.3,945,"3.3★ from 945 Google reviews; no website on Google Maps; web check not done yet. A site could show menu, photos, events and location page.",Google Maps
403,Garanemsa Café & Resto,Café,Sousse,Sousse,"RJX8+JWW, Av. 14 Janvier, Sousse",+216 29 507 564,,Website unclear,,https://www.google.com/maps?cid=15034241956740436312,,,Low,3.5,668,"3.5★ from 668 Google reviews; no website on Google Maps; web check not done yet. A site could show menu, photos, events and location page.",Google Maps
404,Restaurant Farmer's Steakhouse,Restaurant,Sousse,Sousse,RJVF+4W8، سوسة,+216 73 201 788,,Website unclear,,https://www.google.com/maps?cid=10092490710954918498,,,Low,3.6,654,"3.6★ from 654 Google reviews; no website on Google Maps; web check not done yet. A site could show menu, photos, opening hours and reservation/WhatsApp booking.",Google Maps
405,THE FIRST Coffee & Resto,Restaurant,Sousse,Sousse,Avenue Taieb Mhiri، سوسة,+216 29 825 000,,Social media only,,https://www.google.com/maps?cid=18353014546157573474,https://www.facebook.com/thefirstcofferesto/,,Low,3.8,520,"3.8★ from 520 Google reviews; relies on social media only (link on Maps listing; own-site check pending). A site could show menu, photos, opening hours and reservation/WhatsApp booking.",Google Maps (social link on listing)
406,Seaside,Restaurant,Sousse,Sousse,Avenue Taieb Mhiri، سوسة,+216 29 700 222,,Social media only,,https://www.google.com/maps?cid=13939805151159386901,https://www.facebook.com/seasidetn/,,Low,3.5,356,"3.5★ from 356 Google reviews; relies on social media only (link on Maps listing; own-site check pending). A site could show menu, photos, opening hours and reservation/WhatsApp booking.",Google Maps (social link on listing)
407,Franco Resto Café Sousse,Café,Sousse,Sousse,"93 Bd du 14 Janvier, Sousse 4039",+216 28 088 888,,Website unclear,,https://www.google.com/maps?cid=10231694098468056894,,,Low,3.2,265,"3.2★ from 265 Google reviews; no website on Google Maps; web check not done yet. A site could show menu, photos, events and location page.",Google Maps
408,Mozart Café,Restaurant,Sousse,Sousse,RJX9+59R، سوسة,+216 53 538 381,,Website unclear,,https://www.google.com/maps?cid=11607560462874953797,,,Low,3.5,243,"3.5★ from 243 Google reviews; no website on Google Maps; web check not done yet. A site could show menu, photos, opening hours and reservation/WhatsApp booking.",Google Maps
409,Stories café-resto,Café,Sousse,Sousse,"Av. 14 Janvier, Sousse 4000",+216 50 386 666,,Website unclear,,https://www.google.com/maps?cid=12783440191435755128,,,Low,3.9,171,"3.9★ from 171 Google reviews; no website on Google Maps; web check not done yet. A site could show menu, photos, events and location page.",Google Maps
410,Papadam Sousse,Restaurant,Sousse,Sousse,"Khezama Est, 1 Av. 14 Janvier, Sousse 4000",+216 27 120 120,,Social media only,,https://www.google.com/maps?cid=2977511791764801043,https://www.facebook.com/Papadam-Food-khzema-676332409470463/,,Low,3.3,127,"3.3★ from 127 Google reviews; relies on social media only (link on Maps listing; own-site check pending). A site could show menu, photos, opening hours and reservation/WhatsApp booking.",Google Maps (social link on listing)
411,Le Boulevard Café-Resto,Café,Sousse,Sousse,"Immeuble Helya 6, Sahloul 4, Sousse 4054",+216 48 036 136,,Website unclear,,https://www.google.com/maps?cid=17244745419239109639,,,Low,3.7,120,"3.7★ from 120 Google reviews; no website on Google Maps; web check not done yet. A site could show menu, photos, events and location page.",Google Maps
412,Dima Voyages Sousse,Travel agency / excursions,Sousse,Sousse,Imm.Toumia، شارع محمد علي الحامي، سوسة 4000,+216 50 508 055,,Website unclear,,https://www.google.com/maps?cid=7533553902167133612,,,Low,3.7,101,"3.7★ from 101 Google reviews; no website on Google Maps; web check not done yet. A site could show offers/packages, Omra/visa services and enquiry form.",Google Maps
413,Dip's Café & Resto,Café,Sousse,Sousse,"Parc Sahloul 4, Sousse",+216 24 024 000,,Website unclear,,https://www.google.com/maps?cid=4295925540014125343,,,Low,3.9,87,"3.9★ from 87 Google reviews; no website on Google Maps; web check not done yet. A site could show menu, photos, events and location page.",Google Maps
414,Halim Beauty Center,Hair salon / barber,Sousse,Sousse,Résidence Grissa، Khézama-est، شارع البرتقال، سوسة 4051,+216 99 191 919,,Website unclear,,https://www.google.com/maps?cid=12760302090405627573,,,Low,3.8,49,"3.8★ from 49 Google reviews; no website on Google Maps; web check not done yet. A site could show services & prices, gallery and appointment booking.",Google Maps
415,Vétérinaire Mzabi,Veterinary clinic,Sousse,Sousse,RJJJ+HQ4، سوسة,+216 73 227 634,,Website unclear,,https://www.google.com/maps?cid=5051676256833851709,,,Low,3.8,40,"3.8★ from 40 Google reviews; no website on Google Maps; web check not done yet. A site could show services, emergency contact and appointment booking.",Google Maps
416,Pâtisserie Madame Trabelsi,Bakery / pastry shop,Sousse,Sousse,Lotissement N° 16، 1 Avenue Sadok Mkadem، Sousse 4054,+216 22 720 596,,Website unclear,,https://www.google.com/maps?cid=16796717864217584829,,,Low,4.1,38,"4.1★ from 38 Google reviews; no website on Google Maps; web check not done yet. A site could show product catalogue (cakes, wedding/event orders) and order contact.",Google Maps
417,Dentiste Dr Marwa BEN AMEUR,Dental clinic,Sousse,Sousse,نهج باكستان، سوسة 4000,+216 54 093 362,,Website unclear,,https://www.google.com/maps?cid=13879863332484381075,,,Low,5.0,36,"5.0★ from 36 Google reviews; no website on Google Maps; web check not done yet. A site could show services, doctor profile, CNAM info and appointment booking.",Google Maps
418,Cabinet Dr Skander Soufi,Dental clinic,Sousse,Sousse,"7ème étage, Immeuble le Boulevard, Av. Yasser Arafat, bureau 3, Sousse 4054",+216 54 375 437,,Website unclear,,https://www.google.com/maps?cid=8753517807900270445,,,Low,5.0,35,"5.0★ from 35 Google reviews; no website on Google Maps; web check not done yet. A site could show services, doctor profile, CNAM info and appointment booking.",Google Maps
419,Clinique vétérinaire Dr. Souguir Mouine,Veterinary clinic,Sousse,Sousse,نهج عبد العزيز الثعالبي، سوسة 4000,+216 56 512 471,,Website unclear,,https://www.google.com/maps?cid=17302623164164380153,,,Low,4.8,35,"4.8★ from 35 Google reviews; no website on Google Maps; web check not done yet. A site could show services, emergency contact and appointment booking.",Google Maps
420,Bocadillo,Restaurant,Sousse,Sousse,"Av. Khezama, Sousse 4051",+216 48 044 033,,Website unclear,,https://www.google.com/maps?cid=15964932839994203092,,,Low,4.9,34,"4.9★ from 34 Google reviews; no website on Google Maps; web check not done yet. A site could show menu, photos, opening hours and reservation/WhatsApp booking.",Google Maps
421,NEW WAY 2 Agence immobilière,Real-estate agency,Sousse,Sousse,"Rue Omar Ibn Abdelaziz Bouhsina, Sousse 4027",+216 28 614 614,,Website unclear,,https://www.google.com/maps?cid=5542136831051673926,,,Low,4.9,33,4.9★ from 33 Google reviews; no website on Google Maps; web check not done yet. A site could show property listings and contact forms.,Google Maps
422,Pinki studio by Imen,Hair salon / barber,Sousse,Sousse,"14 Av. Khezama, Sousse",+216 54 556 855,,Website unclear,,https://www.google.com/maps?cid=5211833549802591840,,,Low,4.7,33,"4.7★ from 33 Google reviews; no website on Google Maps; web check not done yet. A site could show services & prices, gallery and appointment booking.",Google Maps
423,Economy Travel,Travel agency / excursions,Sousse,Sousse,"Khezama Ouest, Sousse 4071",+216 23 234 142,,Website unclear,,https://www.google.com/maps?cid=10557031568215315295,,,Low,4.8,33,"4.8★ from 33 Google reviews; no website on Google Maps; web check not done yet. A site could show offers/packages, Omra/visa services and enquiry form.",Google Maps
424,Pâtisserie Cherif,Bakery / pastry shop,Sousse,Sousse,"RJX5+Q5X, Av. la Perle du Sahel, Sousse",+216 73 175 000,,Website unclear,,https://www.google.com/maps?cid=18066715663936271204,,,Low,3.1,29,"3.1★ from 29 Google reviews; no website on Google Maps; web check not done yet. A site could show product catalogue (cakes, wedding/event orders) and order contact.",Google Maps
425,Anouar Sakji Studio,Photography studio,Sousse,Sousse,RJV7+PMJ، شارع المغرب العربي، سوسة,+216 98 536 515,,Website unclear,,https://www.google.com/maps?cid=13730035259525353810,,,Low,4.9,27,4.9★ from 27 Google reviews; no website on Google Maps; web check not done yet. A site could show portfolio and booking packages.,Google Maps
426,Madame Douik by les frangines,Bakery / pastry shop,Sousse,Sousse,13 حامد الغزالي، سوسة,+216 25 274 295,,Website unclear,,https://www.google.com/maps?cid=17021857675598689110,,,Low,4.4,26,"4.4★ from 26 Google reviews; no website on Google Maps; web check not done yet. A site could show product catalogue (cakes, wedding/event orders) and order contact.",Google Maps
427,Dolce Vita Home Collection,Furniture / home & appliances,Sousse,Sousse,"IM EHCI, 000 Av. de Yasser Arafat, Sousse 4054",+216 24 331 900,,Website unclear,,https://www.google.com/maps?cid=10292685068756870316,,,Low,4.9,26,4.9★ from 26 Google reviews; no website on Google Maps; web check not done yet. A site could show product catalogue and showroom info.,Google Maps
428,Patisserie jasmin sahlool,Bakery / pastry shop,Sousse,Sousse,RHPW+M9C، شارع الزعيم ياسر عرفات، سوسة,+216 20 233 000,,Website unclear,,https://www.google.com/maps?cid=3465199087308905831,,,Low,4.1,25,"4.1★ from 25 Google reviews; no website on Google Maps; web check not done yet. A site could show product catalogue (cakes, wedding/event orders) and order contact.",Google Maps
429,Bi Coiff.Sousse,Hair salon / barber,Sousse,Sousse,"Av. Khezama, Sousse",+216 21 396 009,,Website unclear,,https://www.google.com/maps?cid=8641456628728049875,,,Low,4.3,25,"4.3★ from 25 Google reviews; no website on Google Maps; web check not done yet. A site could show services & prices, gallery and appointment booking.",Google Maps
430,Contigo café&resto,Café,Sousse,Sousse,"Khezama, Sousse 4000",+216 29 404 878,,Website unclear,,https://www.google.com/maps?cid=10509383789677889306,,,Low,4.2,25,"4.2★ from 25 Google reviews; no website on Google Maps; web check not done yet. A site could show menu, photos, events and location page.",Google Maps
431,الغندور Ghandoor,Restaurant,Sousse,Sousse,RJFR+P33، سوسة,+216 54 957 248,,Website unclear,,https://www.google.com/maps?cid=15365493284456373474,,,Low,4.6,24,"4.6★ from 24 Google reviews; no website on Google Maps; web check not done yet. A site could show menu, photos, opening hours and reservation/WhatsApp booking.",Google Maps
432,Dr. TOUMI Wajdi (Perfect Smile Dental Clinic),Dental clinic,Sousse,Sousse,"Imm. Al Ahmed, Bloc B, 1er étage, Avenue Yasser Arafat, Sahloul 1, Sousse 4054",+216 20 224 140,,Website unclear,,https://www.google.com/maps?cid=7145906217115225011,,,Low,4.7,23,"4.7★ from 23 Google reviews; no website on Google Maps; web check not done yet. A site could show services, doctor profile, CNAM info and appointment booking.",Google Maps
433,Yoyo hair style,Hair salon / barber,Sousse,Sousse,"RJP7+623, Boulevard Khelifa KAROUI, Sousse",+216 50 067 014,,Website unclear,,https://www.google.com/maps?cid=9261893040083017301,,,Low,4.2,22,"4.2★ from 22 Google reviews; no website on Google Maps; web check not done yet. A site could show services & prices, gallery and appointment booking.",Google Maps
434,Overdose saloon by Ahmed Lejri,Hair salon / barber,Sousse,Sousse,"Khezama, Sousse",+216 55 983 074,,Website unclear,,https://www.google.com/maps?cid=13236234690354823199,,,Low,4.7,21,"4.7★ from 21 Google reviews; no website on Google Maps; web check not done yet. A site could show services & prices, gallery and appointment booking.",Google Maps
435,ÉClat D'Or Beauty Lounge,Hair salon / barber,Sousse,Sousse,"Imm. 3 Dauphins, Boulevard 14 Janvier, Av. Khezama, Sousse 4000",+216 20 686 808,,Website unclear,,https://www.google.com/maps?cid=10507885991169611062,,,Low,4.5,21,"4.5★ from 21 Google reviews; no website on Google Maps; web check not done yet. A site could show services & prices, gallery and appointment booking.",Google Maps
436,Express-Lav,Clothing store,Sousse,Sousse,Rue El Hamra، سوسة 4000,+216 51 130 500,,Website unclear,,https://www.google.com/maps?cid=13927794030815954162,,,Low,5.0,20,5.0★ from 20 Google reviews; no website on Google Maps; web check not done yet. A site could show collection lookbook and contact.,Google Maps
437,Mes Saveurs Pâtisserie,Bakery / pastry shop,Sousse,Sousse,RHRR+GM2، سوسة,+216 98 504 048,,Social media only,,https://www.google.com/maps?cid=17227597085935539882,https://www.facebook.com/Mes.Saveurs,,Low,4.5,19,"4.5★ from 19 Google reviews; relies on social media only (link on Maps listing; own-site check pending). A site could show product catalogue (cakes, wedding/event orders) and order contact.",Google Maps (social link on listing)
438,AGENCE IMMOBILIER ADEM,Real-estate agency,Sousse,Sousse,شارع فيكتور هوڠو، سوسة,+216 50 637 602,,Social media only,,https://www.google.com/maps?cid=16025599520182864999,https://www.facebook.com/share/v/19RMpoRzYV/,,Low,4.8,19,4.8★ from 19 Google reviews; relies on social media only (link on Maps listing; own-site check pending). A site could show property listings and contact forms.,Google Maps (social link on listing)
439,Pressing Plus,Clothing store,Sousse,Sousse,سوسة,+216 23 190 170,,Website unclear,,https://www.google.com/maps?cid=13425506494025018773,,,Low,4.8,19,4.8★ from 19 Google reviews; no website on Google Maps; web check not done yet. A site could show collection lookbook and contact.,Google Maps
440,Le Fouet Doré,Bakery / pastry shop,Sousse,Sousse,"Immeuble le loft Sahloul 4, Sousse 4045",+216 93 682 626,,Website unclear,,https://www.google.com/maps?cid=15990463186610579098,,,Low,4.9,18,"4.9★ from 18 Google reviews; no website on Google Maps; web check not done yet. A site could show product catalogue (cakes, wedding/event orders) and order contact.",Google Maps
441,Cabinet dentaire Dr aymen Boughanmi,Dental clinic,Sousse,Sousse,"Imm. Chatti, Av. Yasser Arafat, Sousse",+216 97 025 008,,Social media only,,https://www.google.com/maps?cid=8282207025835325918,https://www.facebook.com/share/17zWiH9jJg/,,Low,4.8,18,"4.8★ from 18 Google reviews; relies on social media only (link on Maps listing; own-site check pending). A site could show services, doctor profile, CNAM info and appointment booking.",Google Maps (social link on listing)
442,Auto-Ecole DINA,Driving school,Sousse,Sousse,RJGC+2G9، سوسة,+216 23 545 898,,Website unclear,,https://www.google.com/maps?cid=1259469700377729857,,,Low,4.6,18,"4.6★ from 18 Google reviews; no website on Google Maps; web check not done yet. A site could show licence packages, prices and enrolment form.",Google Maps
443,el khal photography,Photography studio,Sousse,Sousse,"Rue des Palmiers, Sousse 4051",+216 22 958 018,,Website unclear,,https://www.google.com/maps?cid=13367871737680797384,,,Low,4.3,18,4.3★ from 18 Google reviews; no website on Google Maps; web check not done yet. A site could show portfolio and booking packages.,Google Maps
444,Location Voiture Sousse تأجير سيارات rent car Sousse,Car rental,Sousse,Sousse,"En face de l'hotel Sousse Palace, Av. Habib Bourguiba, Sousse",+216 29 205 888,,Website unclear,,https://www.google.com/maps?cid=1075733056712597675,,,Low,3.2,18,"3.2★ from 18 Google reviews; no website on Google Maps; web check not done yet. A site could show fleet, prices and online booking (tourists/airport customers).",Google Maps
445,Casa Calda,Furniture / home & appliances,Sousse,Sousse,"Rte ceinture, Hammam Sousse 2245",+216 51 005 300,,Website unclear,,https://www.google.com/maps?cid=7200978771353832741,,,Low,3.9,17,3.9★ from 17 Google reviews; no website on Google Maps; web check not done yet. A site could show product catalogue and showroom info.,Google Maps
446,Dar Koftan Al Assil دار القفطان الاصيل,Clothing store,Sousse,Sousse,"Avenue Khezama, Sousse",+216 56 095 021,,Social media only,,https://www.google.com/maps?cid=4780730960561730515,https://www.facebook.com/dar-koftan-al-asil-550606965279948/,,Low,4.6,17,4.6★ from 17 Google reviews; relies on social media only (link on Maps listing; own-site check pending). A site could show collection lookbook and contact.,Google Maps (social link on listing)
447,Hashtag Hair,Hair salon / barber,Sousse,Sousse,Avenue Sadok Mokaddem، سوسة 4054,+216 23 400 025,,Social media only,,https://www.google.com/maps?cid=4079959096783235393,https://www.facebook.com/hashtag.hair.sousse/,,Low,4.9,17,"4.9★ from 17 Google reviews; relies on social media only (link on Maps listing; own-site check pending). A site could show services & prices, gallery and appointment booking.",Google Maps (social link on listing)
448,Cabinet Dr Marwa Rached,Dental clinic,Sousse,Sousse,"près Salon de Thé Yachting, Sahloul, Sousse",+216 52 878 751,,Website unclear,,https://www.google.com/maps?cid=3344866063278054491,,,Low,5.0,17,"5.0★ from 17 Google reviews; no website on Google Maps; web check not done yet. A site could show services, doctor profile, CNAM info and appointment booking.",Google Maps
449,Dr habboub yamen,Dental clinic,Sousse,Sousse,"3 avenue Monji Grira, Sousse",+216 73 368 234,,Social media only,,https://www.google.com/maps?cid=14183243718159200117,,https://www.instagram.com/dr.yamenhabboub,Low,4.8,17,"4.8★ from 17 Google reviews; relies on social media only (link on Maps listing; own-site check pending). A site could show services, doctor profile, CNAM info and appointment booking.",Google Maps (social link on listing)
450,Café Montmartre,Café,Sousse,Sousse,VJ35+3J7، سوسة,+216 56 793 289,,Website unclear,,https://www.google.com/maps?cid=8734744063228340154,,,Low,4.4,17,"4.4★ from 17 Google reviews; no website on Google Maps; web check not done yet. A site could show menu, photos, events and location page.",Google Maps
451,Café Sidi Bouraoui,Café,Sousse,Sousse,"Rue el Aghalba, Sousse",+216 73 201 184,,Social media only,,https://www.google.com/maps?cid=13808540186109794237,https://www.facebook.com/Caf%C3%A9-Sidi-Bouraoui-605987959445850/,,Low,4.4,16,"4.4★ from 16 Google reviews; relies on social media only (link on Maps listing; own-site check pending). A site could show menu, photos, events and location page.",Google Maps (social link on listing)
452,Naouar Prestige Gym,Gym / fitness,Sousse,Sousse,Avenue Taieb Mhiri، سوسة 4000,+216 25 965 888,,Website unclear,,https://www.google.com/maps?cid=14566785475320482900,,,Low,5.0,16,"5.0★ from 16 Google reviews; no website on Google Maps; web check not done yet. A site could show memberships, class schedule and trainer profiles.",Google Maps
453,Driving School Mabrouk,Driving school,Sousse,Sousse,"Rue de Mossoul, Sousse",+216 54 854 700,,Website unclear,,https://www.google.com/maps?cid=17004151611027355191,,,Low,4.9,15,"4.9★ from 15 Google reviews; no website on Google Maps; web check not done yet. A site could show licence packages, prices and enrolment form.",Google Maps
454,Agence win immobiliere,Real-estate agency,Sousse,Sousse,"Avenue Imam Mouslem, Khezama ouest, Sousse 4051",+216 53 230 000,,Website unclear,,https://www.google.com/maps?cid=12838827892418563558,,,Low,3.9,14,3.9★ from 14 Google reviews; no website on Google Maps; web check not done yet. A site could show property listings and contact forms.,Google Maps
455,Meliora Gym,Gym / fitness,Sousse,Sousse,"Khezama Est, Rue Colonel Garnaoui, Sousse 4051",+216 98 703 405,,Website unclear,,https://www.google.com/maps?cid=11785206286860659836,,,Low,4.9,14,"4.9★ from 14 Google reviews; no website on Google Maps; web check not done yet. A site could show memberships, class schedule and trainer profiles.",Google Maps
456,Dr Malek Chouigui dental (خزامة),Dental clinic,Sousse,Sousse,"Avenue Yasser Arafat, Sahloul, au dessus café Tartella, 1er étage",+216 58 926 003,,Social media only,,https://www.google.com/maps?cid=13686620468596758201,https://m.facebook.com/dr.malekchouigui,,Low,4.7,14,"4.7★ from 14 Google reviews; relies on social media only (link on Maps listing; own-site check pending). A site could show services, doctor profile, CNAM info and appointment booking.",Google Maps (social link on listing)
457,Elsazon Sahloul,Restaurant,Sousse,Sousse,"Sahloul, Sousse 4000",+216 48 057 224,,Website unclear,,https://www.google.com/maps?cid=8080035656395246851,,,Low,5.0,14,"5.0★ from 14 Google reviews; no website on Google Maps; web check not done yet. A site could show menu, photos, opening hours and reservation/WhatsApp booking.",Google Maps
458,ELECTRO NABLI Sousse Khezama,Furniture / home & appliances,Sousse,Sousse,"Avenue Imam Echatibi, Sousse",+216 23 994 415,,Website unclear,,https://www.google.com/maps?cid=12266571758217013608,,,Low,4.2,13,4.2★ from 13 Google reviews; no website on Google Maps; web check not done yet. A site could show product catalogue and showroom info.,Google Maps
459,Esthé Belle House,Beauty salon / spa,Sousse,Sousse,"au dessus espace Rideaux Limam, Avenue Khelifa Karoui, Sousse",+216 58 885 268,,Social media only,,https://www.google.com/maps?cid=11703353511497496341,https://www.facebook.com/esthebellehouse,,Low,5.0,13,"5.0★ from 13 Google reviews; relies on social media only (link on Maps listing; own-site check pending). A site could show service menu, prices, gallery and booking.",Google Maps (social link on listing)
460,BRIOCHA,Bakery / pastry shop,Sousse,Sousse,"52 Rue Khlifa Karoui, Sousse 4054",+216 55 000 175,,Website unclear,,https://www.google.com/maps?cid=15305331429807903744,,,Low,4.7,12,"4.7★ from 12 Google reviews; no website on Google Maps; web check not done yet. A site could show product catalogue (cakes, wedding/event orders) and order contact.",Google Maps
461,Vibra Club,Restaurant,Sousse,Sousse,Sousse,+216 58 585 625,,Website unclear,,https://www.google.com/maps?cid=2836310377279267860,,,Low,4.9,12,"4.9★ from 12 Google reviews; no website on Google Maps; web check not done yet. A site could show menu, photos, opening hours and reservation/WhatsApp booking.",Google Maps
462,Agence Basma Immobilière,Real-estate agency,Sousse,Sousse,"56 Av. Imam Mouslem, Khezama Ouest, Sousse 4051",+216 46 010 000,,Website unclear,,https://www.google.com/maps?cid=4350187343363785830,,,Low,3.0,12,3.0★ from 12 Google reviews; no website on Google Maps; web check not done yet. A site could show property listings and contact forms.,Google Maps
463,Nettoyage Magique,Cleaning / laundry,Sousse,Sousse,"Bd du 14 Janvier, Sousse 4050",+216 27 776 858,,Social media only,,https://www.google.com/maps?cid=4173403004635202956,,https://www.instagram.com/nettoyage_magique,Low,5.0,12,"5.0★ from 12 Google reviews; relies on social media only (link on Maps listing; own-site check pending). A site could show services, prices and booking.",Google Maps (social link on listing)
464,Marginata Meubles,Furniture / home & appliances,Sousse,Sousse,71 شارع شارل دو كول، حمام سوسة,+216 53 668 959,,Website unclear,,https://www.google.com/maps?cid=5741237315299500110,,,Low,2.8,11,2.8★ from 11 Google reviews; no website on Google Maps; web check not done yet. A site could show product catalogue and showroom info.,Google Maps
465,Labo Photo Zouabi,Photography studio,Sousse,Sousse,"RJQH+GP3, Bd Mongi Bali, Sousse",+216 50 890 860,,Social media only,,https://www.google.com/maps?cid=3484590516391549349,https://www.facebook.com/Zouabi.tn/,,Low,4.5,11,4.5★ from 11 Google reviews; relies on social media only (link on Maps listing; own-site check pending). A site could show portfolio and booking packages.,Google Maps (social link on listing)
466,Mimou Electric Auto Service,Auto repair / service,Sousse,Sousse,"Av. Jalloul Ben Cherifa, Sousse",+216 55 170 385,,Website unclear,,https://www.google.com/maps?cid=16253178757552621643,,,Low,4.6,10,"4.6★ from 10 Google reviews; no website on Google Maps; web check not done yet. A site could show services, diagnostics offer and quote requests.",Google Maps
467,Imprimerie Hachfi,Printing,Sousse,Sousse,"RJJJ+Q7Q, Rue Dr Moreau, Sousse",+216 53 827 236,,Website unclear,,https://www.google.com/maps?cid=9644131279418513348,,,Low,4.3,10,4.3★ from 10 Google reviews; no website on Google Maps; web check not done yet. A site could show service catalogue and quote requests.,Google Maps
468,Photo Zoom,Photography studio,Sousse,Sousse,سوسة 4054,+216 98 287 944,,Website unclear,,https://www.google.com/maps?cid=11121557904205855499,,,Low,4.0,10,4.0★ from 10 Google reviews; no website on Google Maps; web check not done yet. A site could show portfolio and booking packages.,Google Maps
469,Salle des fêtes City Garden,Wedding / event venue,Akouda,Sousse,"VH7M+W3Q, Akouda",+216 92 332 052,,Website unclear,,https://www.google.com/maps?cid=10076364097712201901,,,Medium,4.3,61,"4.3★ from 61 Google reviews; no website on Google Maps; web check not done yet. A site could show hall capacity, photo gallery, packages and availability requests.",Google Maps
470,Xtreme 4x4,Auto repair / service,Akouda,Sousse,"en face maison CHERRY et kiosque Total, Route de tunis, Akouda 4022",+216 53 339 283,,Social media only,,https://www.google.com/maps?cid=18226149033104695617,https://www.facebook.com/Xtreme4x4Tunisie,,Medium,5.0,48,"5.0★ from 48 Google reviews; relies on social media only (link on Maps listing; own-site check pending). A site could show services, diagnostics offer and quote requests.",Google Maps (social link on listing)
471,Le serail salle des fêtes,Wedding / event venue,Akouda,Sousse,"VHMG+97X, Akouda",+216 95 360 000,,Website unclear,,https://www.google.com/maps?cid=3341585258550673259,,,Medium,4.6,40,"4.6★ from 40 Google reviews; no website on Google Maps; web check not done yet. A site could show hall capacity, photo gallery, packages and availability requests.",Google Maps
472,Ben Youssef Grills,Restaurant,Akouda,Sousse,Akouda,+216 55 666 132,,Website unclear,,https://www.google.com/maps?cid=13205518280169828174,,,Medium,4.4,40,"4.4★ from 40 Google reviews; no website on Google Maps; web check not done yet. A site could show menu, photos, opening hours and reservation/WhatsApp booking.",Google Maps
473,Aqua-Systems,Plumbing / electrical,Akouda,Sousse,"Av. de la République, Akouda",+216 99 221 325,,Social media only,,https://www.google.com/maps?cid=8415228729753035941,https://www.facebook.com/AQUA.System.HR,,Medium,4.8,39,"4.8★ from 39 Google reviews; relies on social media only (link on Maps listing; own-site check pending). A site could show services, service area and call-out contact.",Google Maps (social link on listing)
474,Salle de fête HANA,Wedding / event venue,Akouda,Sousse,Akouda,+216 99 794 997,,Social media only,,https://www.google.com/maps?cid=9659481135527403841,https://www.facebook.com/people/Espace-El-HANA/100057155211531/,,Medium,4.4,27,"4.4★ from 27 Google reviews; relies on social media only (link on Maps listing; own-site check pending). A site could show hall capacity, photo gallery, packages and availability requests.",Google Maps (social link on listing)
475,Gambino's pizza,Restaurant,Akouda,Sousse,"VH8H+P5F, Akouda",+216 92 807 884,,Website unclear,,https://www.google.com/maps?cid=12237236529023807593,,,Low,4.7,35,"4.7★ from 35 Google reviews; no website on Google Maps; web check not done yet. A site could show menu, photos, opening hours and reservation/WhatsApp booking.",Google Maps
476,Ilcapo,Café,Akouda,Sousse,"VHF8+2P3, Akouda",+216 52 529 652,,Website unclear,,https://www.google.com/maps?cid=9684385530613723306,,,Low,5.0,31,"5.0★ from 31 Google reviews; no website on Google Maps; web check not done yet. A site could show menu, photos, events and location page.",Google Maps
477,BY AYA,Hair salon / barber,Akouda,Sousse,"VH9J+CWQ, Akouda",+216 50 563 345,,Website unclear,,https://www.google.com/maps?cid=13189212222254371254,,,Low,4.8,18,"4.8★ from 18 Google reviews; no website on Google Maps; web check not done yet. A site could show services & prices, gallery and appointment booking.",Google Maps
478,Kamel Auto,Car dealership,Akouda,Sousse,"Hmeda Kbira, Akouda 4011",+216 98 707 772,,Social media only,,https://www.google.com/maps?cid=1465844758651591660,https://www.facebook.com/Kamel.Auto/,,Low,4.1,15,"4.1★ from 15 Google reviews; relies on social media only (link on Maps listing; own-site check pending). A site could show business profile, services and contact.",Google Maps (social link on listing)
479,Café Resto 606,Café,Akouda,Sousse,"Route de Tunis Gp1, Akouda 4022",+216 98 369 940,,Website unclear,,https://www.google.com/maps?cid=10639610291274276179,,,Low,4.6,10,"4.6★ from 10 Google reviews; no website on Google Maps; web check not done yet. A site could show menu, photos, events and location page.",Google Maps
480,Factory_Gym,Gym / fitness,Bouficha,Sousse,"8F33+94Q, Bouficha",+216 98 548 901,,Website unclear,,https://www.google.com/maps?cid=12857341211646121306,,,Low,5.0,23,"5.0★ from 23 Google reviews; no website on Google Maps; web check not done yet. A site could show memberships, class schedule and trainer profiles.",Google Maps
481,Mimosa Café,Café,Bouficha,Sousse,"Rue Palestine, Bouficha 4010",+216 92 383 102,,Website unclear,,https://www.google.com/maps?cid=8625945667971691447,,,Low,5.0,12,"5.0★ from 12 Google reviews; no website on Google Maps; web check not done yet. A site could show menu, photos, events and location page.",Google Maps
482,CHEESY,Restaurant,Bouficha,Sousse,"7FX4+VMM, Bouficha",+216 22 632 066,,Website unclear,,https://www.google.com/maps?cid=7072349761438586337,,,Low,4.6,12,"4.6★ from 12 Google reviews; no website on Google Maps; web check not done yet. A site could show menu, photos, opening hours and reservation/WhatsApp booking.",Google Maps
483,Restaurant manoubi مطعم المنوبي,Restaurant,Bouficha,Sousse,"8F25+4QM, Bouficha",+216 97 887 079,,Website unclear,,https://www.google.com/maps?cid=18002539054359053671,,,Low,4.5,11,"4.5★ from 11 Google reviews; no website on Google Maps; web check not done yet. A site could show menu, photos, opening hours and reservation/WhatsApp booking.",Google Maps
484,LE MEROU Restaurant et Poissonnerie,Restaurant,Chott Meriem,Sousse,"WH8F+78F, Unnamed Road, Hammam Sousse",+216 53 127 055,,No website found,,https://www.google.com/maps?cid=2535633656577056665,,,High,4.7,181,"4.7★ from 181 Google reviews; no website found on Maps or in web search. A site could show menu, photos, opening hours and reservation/WhatsApp booking. Note: Seafood restaurant + fish shop; 4.7 with 181 reviews; Tripadvisor/RestaurantGuru only.","Google Maps; WebSearch (Tripadvisor, RestaurantGuru)"
485,Grillade l'océan,Restaurant,Chott Meriem,Sousse,Chott Meriam,+216 56 422 419,,No website found,,https://www.google.com/maps?cid=13036457512165416659,,,High,4.6,112,"4.6★ from 112 Google reviews; no website found on Maps or in web search. A site could show menu, photos, opening hours and reservation/WhatsApp booking. Note: Seafood grill in Chott Meriem tourist area; no web presence beyond Maps/hotel guides.",Google Maps; WebSearch
486,Jinene Khadija,Wedding / event venue,Chott Meriem,Sousse,القلعة الكبرى,+216 52 220 020,,Social media only,,https://www.google.com/maps?cid=13594929520032185925,,https://www.instagram.com/espaces_jinene_khadija,Medium,4.4,87,"4.4★ from 87 Google reviews; relies on social media only (link on Maps listing; own-site check pending). A site could show hall capacity, photo gallery, packages and availability requests.",Google Maps (social link on listing)
487,Restaurant le Titanic,Restaurant,Chott Meriem,Sousse,"WH8J+667, Hammam Sousse",+216 98 502 994,,Website unclear,,https://www.google.com/maps?cid=1030755885554405257,,,Medium,4.8,70,"4.8★ from 70 Google reviews; no website on Google Maps; web check not done yet. A site could show menu, photos, opening hours and reservation/WhatsApp booking.",Google Maps
488,Restaurant al mandra,Restaurant,Chott Meriem,Sousse,WH6G+FP7، حمام سوسة,+216 28 804 100,,Website unclear,,https://www.google.com/maps?cid=12099948528055263704,,,Medium,4.1,64,"4.1★ from 64 Google reviews; no website on Google Maps; web check not done yet. A site could show menu, photos, opening hours and reservation/WhatsApp booking.",Google Maps
489,yamatcha.,Café,Chott Meriem,Sousse,"مول أوف سوسة, Sousse",+216 52 550 732,,Social media only,,https://www.google.com/maps?cid=11317209322934305294,,http://www.instagram.com/yamatcha_tn,Medium,5.0,61,"5.0★ from 61 Google reviews; relies on social media only (link on Maps listing; own-site check pending). A site could show menu, photos, events and location page.",Google Maps (social link on listing)
490,Dar El Mahfal,Wedding / event venue,Chott Meriem,Sousse,سوسة,+216 28 700 782,,Social media only,,https://www.google.com/maps?cid=9680395233219135407,https://www.facebook.com/profile.php?id=100089332610658,,Medium,4.1,51,"4.1★ from 51 Google reviews; relies on social media only (link on Maps listing; own-site check pending). A site could show hall capacity, photo gallery, packages and availability requests.",Google Maps (social link on listing)
491,SEA SIDE,Café,Chott Meriem,Sousse,XG2W+WHJ، حمام سوسة,+216 98 109 216,,Social media only,,https://www.google.com/maps?cid=10038280024348672003,https://www.facebook.com/profile.php?id=61550480634204,,Medium,4.6,42,"4.6★ from 42 Google reviews; relies on social media only (link on Maps listing; own-site check pending). A site could show menu, photos, events and location page.",Google Maps (social link on listing)
492,La Costa Cafe,Café,Chott Meriem,Sousse,WHM7+CJW، chott mariem، حمام سوسة,+216 97 524 089,,Website unclear,,https://www.google.com/maps?cid=2560918665882057042,,,Low,3.8,579,"3.8★ from 579 Google reviews; no website on Google Maps; web check not done yet. A site could show menu, photos, events and location page.",Google Maps
493,Café Resto L’Océan Chatt Mariem,Café,Chott Meriem,Sousse,"WHGC+7WX, Akouda",+216 57 140 873,,Website unclear,,https://www.google.com/maps?cid=7557920427974179868,,,Low,3.7,83,"3.7★ from 83 Google reviews; no website on Google Maps; web check not done yet. A site could show menu, photos, events and location page.",Google Maps
494,Golden Café-Resto,Restaurant,Chott Meriem,Sousse,"Route touristique, Hergla",+216 73 341 204,,Website unclear,,https://www.google.com/maps?cid=3167493077111247755,,,Low,3.6,79,"3.6★ from 79 Google reviews; no website on Google Maps; web check not done yet. A site could show menu, photos, opening hours and reservation/WhatsApp booking.",Google Maps
495,Karrma Concept Store,Other local business,Chott Meriem,Sousse,"Route touristique kantaoui en face de l'hotel Royal Kenz, Hammam Sousse",+216 52 009 197,,Website unclear,,https://www.google.com/maps?cid=16183082793691633025,,,Low,4.7,27,"4.7★ from 27 Google reviews; no website on Google Maps; web check not done yet. A site could show business profile, services and contact.",Google Maps
496,Pizzeria TUTTA,Restaurant,Chott Meriem,Sousse,"WHM5+5WJ, Akouda",+216 22 061 843,,Website unclear,,https://www.google.com/maps?cid=18207706297346989173,,,Low,4.7,23,"4.7★ from 23 Google reviews; no website on Google Maps; web check not done yet. A site could show menu, photos, opening hours and reservation/WhatsApp booking.",Google Maps
497,House of Jasmin trees,Wedding / event venue,Chott Meriem,Sousse,"WGRV+6RP, Unnamed Road, Hammam Sousse",+216 99 205 239,,Website unclear,,https://www.google.com/maps?cid=10102433781788232582,,,Low,4.2,16,"4.2★ from 16 Google reviews; no website on Google Maps; web check not done yet. A site could show hall capacity, photo gallery, packages and availability requests.",Google Maps
498,Dar el Bey Restaurant,Restaurant,Enfidha,Sousse,49PJ+498، النفيضة,+216 46 224 800,,Website unclear,,https://www.google.com/maps?cid=1374816111793102821,,,Low,4.3,32,"4.3★ from 32 Google reviews; no website on Google Maps; web check not done yet. A site could show menu, photos, opening hours and reservation/WhatsApp booking.",Google Maps
499,Spring Coffee,Restaurant,Enfidha,Sousse,49JH+CP9، النفيضة,+216 58 077 452,,Social media only,,https://www.google.com/maps?cid=14656699906646699099,https://m.facebook.com/www.SpringCoffee.org,,Low,4.6,19,"4.6★ from 19 Google reviews; relies on social media only (link on Maps listing; own-site check pending). A site could show menu, photos, opening hours and reservation/WhatsApp booking.",Google Maps (social link on listing)
500,Vape shop enfidha,Other local business,Enfidha,Sousse,النفيضة,+216 29 577 368,,Website unclear,,https://www.google.com/maps?cid=13085523226206276130,,,Low,5.0,15,"5.0★ from 15 Google reviews; no website on Google Maps; web check not done yet. A site could show business profile, services and contact.",Google Maps
501,Garage électricité automobile Ghazi,Auto repair / service,Enfidha,Sousse,"Autoroute A1, Enfidha",+216 96 238 501,,Website unclear,,https://www.google.com/maps?cid=16660849638053826394,,,Low,4.8,12,"4.8★ from 12 Google reviews; no website on Google Maps; web check not done yet. A site could show services, diagnostics offer and quote requests.",Google Maps
502,Restaurant EL FARES,Restaurant,Enfidha,Sousse,49MH+WW6، النفيضة,+216 95 083 414,,Website unclear,,https://www.google.com/maps?cid=2537245627058000759,,,Low,4.2,10,"4.2★ from 10 Google reviews; no website on Google Maps; web check not done yet. A site could show menu, photos, opening hours and reservation/WhatsApp booking.",Google Maps
503,Restaurant Miam's Hammam Sousse,Restaurant,Hammam Sousse,Sousse,VJ74+HHG، طريق الشاطئ، حمام سوسة,+216 52 323 073,,No website found,,https://www.google.com/maps?cid=305122130039780250,,,High,4.0,1037,"4.0★ from 1037 Google reviews; no website found on Maps or in web search. A site could show menu, photos, opening hours and reservation/WhatsApp booking. Note: 1,000+ Google reviews, 3,200 on RestaurantGuru; has a 2nd branch (MIAM'S Sahloul) - only aggregator pages found.","Google Maps; WebSearch (Tripadvisor, Foursquare, onamangepourvous.tn)"
504,The Diesel Cafe,Café,Hammam Sousse,Sousse,VJ53+WJ4، حمام سوسة,+216 52 777 278,"94118008 (RestaurantGuru listing - older number, verify)",Social media only,,https://www.google.com/maps?cid=13320690527310306739,https://www.facebook.com/thedieselcoffee/,,High,4.0,308,"4.0★ from 308 Google reviews; relies on social media only. A site could show menu, photos, events and location page. Note: Coffee shop on Bd d'Alexandrie, 308 reviews.","Google Maps; WebSearch (Facebook, RestaurantGuru)"
505,Star Look Tunisie,Beauty salon / spa,Hammam Sousse,Sousse,2 eme etage Immeuble El handouz، Gp1، حمام سوسة 4011,+216 52 644 344,,Social media only,,https://www.google.com/maps?cid=13970933338408829364,https://www.facebook.com/STARLOOK.TN/,,High,4.6,232,"4.6★ from 232 Google reviews; relies on social media only. A site could show service menu, prices, gallery and booking. Note: Women's beauty centre (hair, keratin, makeup, massage), GP1 Hammam Sousse.",Google Maps; WebSearch (Facebook)
506,Jazz Café,Café,Hammam Sousse,Sousse,VJF2+HM9، حمام سوسة,+216 57 091 292,52405204 (Tripadvisor),Social media only,,https://www.google.com/maps?cid=15837960360037905386,https://www.facebook.com/p/Jazz-Caf%C3%A9-100064435521999/,,High,4.2,195,"4.2★ from 195 Google reviews; relies on social media only. A site could show menu, photos, events and location page. Note: Reopened under new ownership - good timing for a website.","Google Maps; WebSearch (Tripadvisor, Facebook)"
507,Cyrine Dahmane Beauty Lounge,Hair salon / barber,Hammam Sousse,Sousse,05 نهج الأندلس، حمام سوسة 4011,+216 21 407 640,,Social media only,,https://www.google.com/maps?cid=259402620113035604,https://www.facebook.com/Cyrine.Dahmane.Beauty.Lounge/,https://www.instagram.com/cyrine_dahmane/,High,4.6,119,"4.6★ from 119 Google reviews; relies on social media only. A site could show services & prices, gallery and appointment booking. Note: Very large audience (76k FB likes, 166k IG followers) but no website - strong fit for booking/portfolio site.","Google Maps; WebSearch (Facebook, Instagram)"
508,Salle Des Fêtes Le Palace,Wedding / event venue,Hammam Sousse,Sousse,VHQF+8F3، حمام سوسة,+216 93 604 444,73309373,Social media only,,https://www.google.com/maps?cid=8434904345297141421,https://www.facebook.com/p/Le-Palace-100057263058081/,https://www.instagram.com/salle_des_fetes_le_palace_/,High,4.5,106,"4.5★ from 106 Google reviews; relies on social media only. A site could show hall capacity, photo gallery, packages and availability requests. Note: 1,000+ seat wedding & congress hall; wedding directories only.","Google Maps; WebSearch (Instagram, Facebook, bonsplansmariage)"
509,SUN STREET CAFE & RESTAURANT,Café,Hammam Sousse,Sousse,"Av. 14 Janvier, Hammam Sousse",+216 26 503 502,,Website unclear,,https://www.google.com/maps?cid=17272908697249222246,,,Medium,4.0,140,"4.0★ from 140 Google reviews; no website on Google Maps; web check not done yet. A site could show menu, photos, events and location page.",Google Maps
510,Café El Medina,Restaurant,Hammam Sousse,Sousse,VHVV+4JQ، حمام سوسة,+216 58 789 338,,Website unclear,,https://www.google.com/maps?cid=1600260622891434027,,,Medium,4.1,114,"4.1★ from 114 Google reviews; no website on Google Maps; web check not done yet. A site could show menu, photos, opening hours and reservation/WhatsApp booking.",Google Maps
511,Beef & buns sousse,Restaurant,Hammam Sousse,Sousse,"Avenue les orangers, Sousse 4051",+216 28 151 503,,Website unclear,,https://www.google.com/maps?cid=14585155273003430015,,,Medium,4.8,84,"4.8★ from 84 Google reviews; no website on Google Maps; web check not done yet. A site could show menu, photos, opening hours and reservation/WhatsApp booking.",Google Maps
512,Beauté Mira'Cle,Beauty salon / spa,Hammam Sousse,Sousse,Unnamed Road,+216 28 700 306,,Website unclear,,https://www.google.com/maps?cid=17026094659676956203,,,Medium,4.7,75,"4.7★ from 75 Google reviews; no website on Google Maps; web check not done yet. A site could show service menu, prices, gallery and booking.",Google Maps
513,New Look Coiff By Christel,Hair salon / barber,Hammam Sousse,Sousse,"VJ93+M7P, Av. 14 Janvier, Hammam Sousse",+216 22 727 727,,Website unclear,,https://www.google.com/maps?cid=1458109017246311047,,,Medium,4.3,73,"4.3★ from 73 Google reviews; no website on Google Maps; web check not done yet. A site could show services & prices, gallery and appointment booking.",Google Maps
514,Auto Ecole Mlika,Driving school,Hammam Sousse,Sousse,طريق الشاطئ، حمام سوسة,+216 31 528 833,,Social media only,,https://www.google.com/maps?cid=14179529983369593503,https://www.facebook.com/AutoecoleMlika/,,Medium,5.0,60,"5.0★ from 60 Google reviews; relies on social media only (link on Maps listing; own-site check pending). A site could show licence packages, prices and enrolment form.",Google Maps (social link on listing)
515,Clinique Vétérinaire Dr.Hmidi,Veterinary clinic,Hammam Sousse,Sousse,"Rue de Palestine, Hammam Sousse",+216 96 284 482,,Website unclear,,https://www.google.com/maps?cid=17374102692486953430,,,Medium,4.6,52,"4.6★ from 52 Google reviews; no website on Google Maps; web check not done yet. A site could show services, emergency contact and appointment booking.",Google Maps
516,Arken coiff,Hair salon / barber,Hammam Sousse,Sousse,"Seabel Alhambra beach golf and spa, Hammam Sousse 4011",+216 20 386 264,,Website unclear,,https://www.google.com/maps?cid=910327485810212779,,,Medium,5.0,42,"5.0★ from 42 Google reviews; no website on Google Maps; web check not done yet. A site could show services & prices, gallery and appointment booking.",Google Maps
517,l'instant voyage,Travel agency / excursions,Hammam Sousse,Sousse,"3 eme etage, Immeuble Ben Saâd, en Face kiosque Agil, Menchia, Hammam Sousse 4011",+216 73 370 066,,Social media only,,https://www.google.com/maps?cid=9350072093723538760,http://www.facebook.com/voyageistanbul/,,Medium,4.1,41,"4.1★ from 41 Google reviews; relies on social media only (link on Maps listing; own-site check pending). A site could show offers/packages, Omra/visa services and enquiry form.",Google Maps (social link on listing)
518,Café Resto Le Boudoir,Restaurant,Hammam Sousse,Sousse,93 طريق الشاطئ، حمام سوسة,+216 73 373 547,,Website unclear,,https://www.google.com/maps?cid=14678200060803796044,,,Low,3.5,182,"3.5★ from 182 Google reviews; no website on Google Maps; web check not done yet. A site could show menu, photos, opening hours and reservation/WhatsApp booking.",Google Maps
519,Restaurant El Pescador,Restaurant,Hammam Sousse,Sousse,"Unnamed Road, Hammam Sousse",+216 52 090 808,,Website unclear,,https://www.google.com/maps?cid=13527086601163974378,,,Low,3.8,116,"3.8★ from 116 Google reviews; no website on Google Maps; web check not done yet. A site could show menu, photos, opening hours and reservation/WhatsApp booking.",Google Maps
520,Café Resto Mer Soleil,Restaurant,Hammam Sousse,Sousse,"Plage Cleopatre, rue du requin, Hammam Sousse 4011",+216 92 981 263,,Website unclear,,https://www.google.com/maps?cid=14066899631677409037,,,Low,3.8,92,"3.8★ from 92 Google reviews; no website on Google Maps; web check not done yet. A site could show menu, photos, opening hours and reservation/WhatsApp booking.",Google Maps
521,ILYESSE COIFF,Hair salon / barber,Hammam Sousse,Sousse,"BLD 14 janvier, Sousse 4089",+216 22 162 462,,Social media only,,https://www.google.com/maps?cid=13618639559950780603,https://www.facebook.com/IlyesseCoiff,,Low,3.6,75,"3.6★ from 75 Google reviews; relies on social media only (link on Maps listing; own-site check pending). A site could show services & prices, gallery and appointment booking.",Google Maps (social link on listing)
522,Salles des fêtes Sghaier,Wedding / event venue,Hammam Sousse,Sousse,"Rond point Marsa, قاعة الصغير للأفراح، Akouda",+216 25 387 771,,Social media only,,https://www.google.com/maps?cid=12086879421862179398,https://www.facebook.com/profile.php?id=100039304587213,,Low,3.9,40,"3.9★ from 40 Google reviews; relies on social media only (link on Maps listing; own-site check pending). A site could show hall capacity, photo gallery, packages and availability requests.",Google Maps (social link on listing)
523,Salle des fêtes la marquise akouda,Wedding / event venue,Hammam Sousse,Sousse,"P1, Akouda",+216 99 402 444,,Website unclear,,https://www.google.com/maps?cid=3435805368309968505,,,Low,4.4,38,"4.4★ from 38 Google reviews; no website on Google Maps; web check not done yet. A site could show hall capacity, photo gallery, packages and availability requests.",Google Maps
524,Top hair,Hair salon / barber,Hammam Sousse,Sousse,"Maisons des jardins, Hammam Sousse 4089",+216 98 981 246,,Website unclear,,https://www.google.com/maps?cid=15582058632134733733,,,Low,4.5,37,"4.5★ from 37 Google reviews; no website on Google Maps; web check not done yet. A site could show services & prices, gallery and appointment booking.",Google Maps
525,Restaurant Diari,Restaurant,Hammam Sousse,Sousse,VJ42+Q89، سوسة,+216 50 148 147,,Website unclear,,https://www.google.com/maps?cid=15115956523733580519,,,Low,4.6,34,"4.6★ from 34 Google reviews; no website on Google Maps; web check not done yet. A site could show menu, photos, opening hours and reservation/WhatsApp booking.",Google Maps
526,"Garage Sidi Salem ""G.S.S""",Auto repair / service,Hammam Sousse,Sousse,"GP1 Route de Tunis, Hammam Sousse 4011",+216 73 360 302,,Social media only,,https://www.google.com/maps?cid=7660101783856059567,https://www.facebook.com/STE.GARAGE.SIDI.SALEM/,,Low,4.2,34,"4.2★ from 34 Google reviews; relies on social media only (link on Maps listing; own-site check pending). A site could show services, diagnostics offer and quote requests.",Google Maps (social link on listing)
527,Salon De Coiffure - Esthétique Oussema Souli,Hair salon / barber,Hammam Sousse,Sousse,"à côté koucha, Rue belle vue, Hammam Sousse 4089",+216 23 915 854,,Website unclear,,https://www.google.com/maps?cid=11299184661741944596,,,Low,4.0,32,"4.0★ from 32 Google reviews; no website on Google Maps; web check not done yet. A site could show services & prices, gallery and appointment booking.",Google Maps
528,Jomaa Auto Service,Auto repair / service,Hammam Sousse,Sousse,VH9R+8V9، سوسة,+216 73 360 221,,Website unclear,,https://www.google.com/maps?cid=4995723151845267972,,,Low,4.4,25,"4.4★ from 25 Google reviews; no website on Google Maps; web check not done yet. A site could show services, diagnostics offer and quote requests.",Google Maps
529,Patisserie Caramello,Bakery / pastry shop,Hammam Sousse,Sousse,VH5W+3VW، شارع الجمهورية، حمام سوسة,+216 99 054 301,,Website unclear,,https://www.google.com/maps?cid=13626672537589804373,,,Low,4.2,18,"4.2★ from 18 Google reviews; no website on Google Maps; web check not done yet. A site could show product catalogue (cakes, wedding/event orders) and order contact.",Google Maps
530,Bois de violette Sousse,Furniture / home & appliances,Hammam Sousse,Sousse,"Route de ceinture, près de la Mosquée Sahaba, Hammam Sousse 4011",+216 27 744 004,,Social media only,,https://www.google.com/maps?cid=5649212839243983589,http://www.facebook.com/boisdeviolette,,Low,4.6,17,4.6★ from 17 Google reviews; relies on social media only (link on Maps listing; own-site check pending). A site could show product catalogue and showroom info.,Google Maps (social link on listing)
531,Salle des fêtes la Contessa Jazia,Wedding / event venue,Hammam Sousse,Sousse,VH8X+JXF، سوسة,+216 98 114 090,,Website unclear,,https://www.google.com/maps?cid=153204172859421166,,,Low,3.8,16,"3.8★ from 16 Google reviews; no website on Google Maps; web check not done yet. A site could show hall capacity, photo gallery, packages and availability requests.",Google Maps
532,Cabinet Dentaire Dr Malek MSALLEM,Dental clinic,Hammam Sousse,Sousse,حمام سوسة,+216 55 740 077,,Website unclear,,https://www.google.com/maps?cid=8900609871893088165,,,Low,4.9,15,"4.9★ from 15 Google reviews; no website on Google Maps; web check not done yet. A site could show services, doctor profile, CNAM info and appointment booking.",Google Maps
533,Quick Auto Service,Auto repair / service,Hammam Sousse,Sousse,"GP1, Akouda",+216 70 295 850,,Website unclear,,https://www.google.com/maps?cid=2675453031981004975,,,Low,4.6,12,"4.6★ from 12 Google reviews; no website on Google Maps; web check not done yet. A site could show services, diagnostics offer and quote requests.",Google Maps
534,VIP gym sousse,Gym / fitness,Hammam Sousse,Sousse,81 طريق الشاطئ، حمام سوسة,+216 20 353 010,,Website unclear,,https://www.google.com/maps?cid=1395429253794200435,,,Low,4.8,12,"4.8★ from 12 Google reviews; no website on Google Maps; web check not done yet. A site could show memberships, class schedule and trainer profiles.",Google Maps
535,MecaFix,Auto repair / service,Hammam Sousse,Sousse,"Route de Tunis, Akouda 4022",+216 50 185 821,,Website unclear,,https://www.google.com/maps?cid=3423708986849884084,,,Low,5.0,11,"5.0★ from 11 Google reviews; no website on Google Maps; web check not done yet. A site could show services, diagnostics offer and quote requests.",Google Maps
536,Garage Sayed Auto Repair Sousse,Auto repair / service,Hammam Sousse,Sousse,VH8V+842، Rue Mars، حمام سوسة 4000,+216 97 594 241,,Website unclear,,https://www.google.com/maps?cid=5862845188287196011,,,Low,4.6,10,"4.6★ from 10 Google reviews; no website on Google Maps; web check not done yet. A site could show services, diagnostics offer and quote requests.",Google Maps
537,Gâteaux faits maman,Bakery / pastry shop,Hammam Sousse,Sousse,VJ82+2W6، طريق الشاطئ، حمام سوسة,+216 99 414 000,,Social media only,,https://www.google.com/maps?cid=6272825633124703042,https://www.facebook.com/profile.php?id=100064525368972,,Low,4.7,10,"4.7★ from 10 Google reviews; relies on social media only (link on Maps listing; own-site check pending). A site could show product catalogue (cakes, wedding/event orders) and order contact.",Google Maps (social link on listing)
538,Espace SIDI ALI,Restaurant,Hergla,Sousse,"Avenue de l environnement, Hergla 4012",+216 98 480 882,,Website unclear,,https://www.google.com/maps?cid=11086808029780007134,,,Low,3.9,453,"3.9★ from 453 Google reviews; no website on Google Maps; web check not done yet. A site could show menu, photos, opening hours and reservation/WhatsApp booking. Duplicate Maps listing merged: Espace Al Bissen البيسان.",Google Maps
539,Maison Du Comte,Restaurant,Hergla,Sousse,"Rue du port de pêche, Hergla",+216 96 096 009,,Social media only,,https://www.google.com/maps?cid=8208627860510420166,https://www.facebook.com/profile.php?id=61558628931786,,Low,3.6,225,"3.6★ from 225 Google reviews; relies on social media only (link on Maps listing; own-site check pending). A site could show menu, photos, opening hours and reservation/WhatsApp booking. Duplicate Maps listing merged: Hergla Beach.",Google Maps (social link on listing)
540,Tabonh Restaurant,Restaurant,Hergla,Sousse,"شارع الحبيب بورقيبة, Hergla 4012",+216 20 248 330,,Social media only,,https://www.google.com/maps?cid=11393993891295249846,https://www.facebook.com/Restaurant-Tabouna-610748802415827/,,Low,3.8,84,"3.8★ from 84 Google reviews; relies on social media only (link on Maps listing; own-site check pending). A site could show menu, photos, opening hours and reservation/WhatsApp booking.",Google Maps (social link on listing)
541,Vera Pizza,Restaurant,Hergla,Sousse,"2GJ4+GM7, Hergla",+216 58 112 790,,Website unclear,,https://www.google.com/maps?cid=548671411837827179,,,Low,4.7,29,"4.7★ from 29 Google reviews; no website on Google Maps; web check not done yet. A site could show menu, photos, opening hours and reservation/WhatsApp booking.",Google Maps
542,Resto-café familial,Café,Hergla,Sousse,"2FPW+95X, Hergla",+216 54 127 648,,Website unclear,,https://www.google.com/maps?cid=6142506503718995935,,,Low,3.1,22,"3.1★ from 22 Google reviews; no website on Google Maps; web check not done yet. A site could show menu, photos, events and location page.",Google Maps
543,Souk El Fenn,Other local business,Hergla,Sousse,"13 Rue de Bizerte, Hergla",+216 52 797 699,,Social media only,,https://www.google.com/maps?cid=8123428336937673433,https://www.facebook.com/profile.php?id=100057512016029,,Low,4.8,16,"4.8★ from 16 Google reviews; relies on social media only (link on Maps listing; own-site check pending). A site could show business profile, services and contact.",Google Maps (social link on listing)
544,Espace bébé chic,Other local business,Kalaa Kebira,Sousse,Kalaa Kebira 4060,+216 99 659 373,,Website unclear,,https://www.google.com/maps?cid=6156159634045678172,,,Medium,5.0,41,"5.0★ from 41 Google reviews; no website on Google Maps; web check not done yet. A site could show business profile, services and contact.",Google Maps
545,Salle des fêtes La Joconde,Wedding / event venue,Kalaa Kebira,Sousse,"Zone Industriel Kalaa Kebira, Sousse 4060",+216 28 888 885,,Social media only,,https://www.google.com/maps?cid=7852939911631554734,https://www.facebook.com/Lajocondesousse/,,Low,4.1,37,"4.1★ from 37 Google reviews; relies on social media only (link on Maps listing; own-site check pending). A site could show hall capacity, photo gallery, packages and availability requests.",Google Maps (social link on listing)
546,Splash Food,Restaurant,Kalaa Kebira,Sousse,Avenue 14 Janvier، القلعة الكبرى 4060,+216 26 550 500,,Website unclear,,https://www.google.com/maps?cid=7856698428392730350,,,Low,3.8,36,"3.8★ from 36 Google reviews; no website on Google Maps; web check not done yet. A site could show menu, photos, opening hours and reservation/WhatsApp booking.",Google Maps
547,Galaxy Cafe,Café,Kalaa Kebira,Sousse,VGHF+H5V، القلعة الكبرى,+216 46 271 118,,Website unclear,,https://www.google.com/maps?cid=10826630863454158640,,,Low,4.3,16,"4.3★ from 16 Google reviews; no website on Google Maps; web check not done yet. A site could show menu, photos, events and location page.",Google Maps
548,SPACE FOOD 24,Restaurant,Kalaa Kebira,Sousse,"Rue 2 mars cité nouvelle, Kalaa Kebira 4060",+216 51 515 143,,Website unclear,,https://www.google.com/maps?cid=14648455450703898840,,,Low,4.5,15,"4.5★ from 15 Google reviews; no website on Google Maps; web check not done yet. A site could show menu, photos, opening hours and reservation/WhatsApp booking.",Google Maps
549,"RESTAURANT ""EL MATADOR""",Restaurant,Kalaa Kebira,Sousse,القلعة الكبرى,+216 55 291 293,,Website unclear,,https://www.google.com/maps?cid=14785030666090323385,,,Low,3.4,14,"3.4★ from 14 Google reviews; no website on Google Maps; web check not done yet. A site could show menu, photos, opening hours and reservation/WhatsApp booking.",Google Maps
550,EL Clasico,Café,Kalaa Kebira,Sousse,"VGCX+FP8, C48, Kalaa Kebira",+216 25 937 908,,Website unclear,,https://www.google.com/maps?cid=10111356829611977732,,,Low,4.2,13,"4.2★ from 13 Google reviews; no website on Google Maps; web check not done yet. A site could show menu, photos, events and location page.",Google Maps
551,The Train coffee,Café,Kalaa Seghira,Sousse,"RHFC+4GG, Kalâa Seghira",+216 25 474 100,,Website unclear,,https://www.google.com/maps?cid=14605498098475999514,,,Low,4.5,35,"4.5★ from 35 Google reviews; no website on Google Maps; web check not done yet. A site could show menu, photos, events and location page.",Google Maps
552,Café Classico,Café,Kalaa Seghira,Sousse,"Avenue Habib Bourguiba, Kalâa Seghira",+216 96 324 704,,Website unclear,,https://www.google.com/maps?cid=7502535227287164835,,,Low,4.3,29,"4.3★ from 29 Google reviews; no website on Google Maps; web check not done yet. A site could show menu, photos, events and location page.",Google Maps
553,Makrem Festival Hall,Wedding / event venue,Kalaa Seghira,Sousse,Kalâa Seghira 4021,+216 51 186 007,,Social media only,,https://www.google.com/maps?cid=1712417863571587347,https://m.facebook.com/483132361759397,,Low,4.4,18,"4.4★ from 18 Google reviews; relies on social media only (link on Maps listing; own-site check pending). A site could show hall capacity, photo gallery, packages and availability requests.",Google Maps (social link on listing)
554,حلويات الساحل - سوسة,Bakery / pastry shop,Kalaa Seghira,Sousse,"Rue khmais touati, Kalâa Seghira 4021",+216 99 621 342,,Website unclear,,https://www.google.com/maps?cid=6771176922654605846,,,Low,4.4,12,"4.4★ from 12 Google reviews; no website on Google Maps; web check not done yet. A site could show product catalogue (cakes, wedding/event orders) and order contact.",Google Maps
555,Café El Houma,Café,Kalaa Seghira,Sousse,"RHF5+GH2, Kalâa Seghira",+216 50 470 968,,Website unclear,,https://www.google.com/maps?cid=458212020221015756,,,Low,4.4,12,"4.4★ from 12 Google reviews; no website on Google Maps; web check not done yet. A site could show menu, photos, events and location page.",Google Maps
556,مشاوي الامان,Restaurant,Kondar,Sousse,"W7JX+57F, P2, Kondar",+216 98 717 918,,Website unclear,,https://www.google.com/maps?cid=5100401381176984356,,,Low,4.2,15,"4.2★ from 15 Google reviews; no website on Google Maps; web check not done yet. A site could show menu, photos, opening hours and reservation/WhatsApp booking.",Google Maps
557,Opalina by Amira,Hair salon / barber,Ksibet Thrayet,Sousse,"QJ9G+6W3, Zaouit-Ksibat - Thrayett",+216 50 616 829,,Website unclear,,https://www.google.com/maps?cid=2910087548543849439,,,Low,5.0,16,"5.0★ from 16 Google reviews; no website on Google Maps; web check not done yet. A site could show services & prices, gallery and appointment booking.",Google Maps
558,patisserie Trabelsi Ksibet Sousse,Bakery / pastry shop,Ksibet Thrayet,Sousse,"QJFG+R62, Zaouit-Ksibat - Thrayett",+216 22 137 404,,Website unclear,,https://www.google.com/maps?cid=7227419130625538921,,,Low,4.3,15,"4.3★ from 15 Google reviews; no website on Google Maps; web check not done yet. A site could show product catalogue (cakes, wedding/event orders) and order contact.",Google Maps
559,Salle de fêtes The Queen,Wedding / event venue,Messaadine,Sousse,QJ83+5MR، مساكن,+216 53 508 682,,Website unclear,,https://www.google.com/maps?cid=8612971468073942482,,,Medium,4.4,67,"4.4★ from 67 Google reviews; no website on Google Maps; web check not done yet. A site could show hall capacity, photo gallery, packages and availability requests.",Google Maps
560,Follia Café المسعدين حبي,Café,Messaadine,Sousse,"Boulevard Dr Taieb Hachicha, Messadine 4013",+216 98 401 595,,Website unclear,,https://www.google.com/maps?cid=16164713319959811728,,,Low,3.6,122,"3.6★ from 122 Google reviews; no website on Google Maps; web check not done yet. A site could show menu, photos, events and location page.",Google Maps
561,Gazzeh Concept,Other local business,Messaadine,Sousse,"شارع الطيب حشيشة, Messadine",+216 98 592 270,,Website unclear,,https://www.google.com/maps?cid=13564686397036326152,,,Low,3.8,35,"3.8★ from 35 Google reviews; no website on Google Maps; web check not done yet. A site could show business profile, services and contact.",Google Maps
562,بيت الزاد,Other local business,Messaadine,Sousse,"Rue aboubaker esseddik, Sousse 4013",+216 21 441 047,,Website unclear,,https://www.google.com/maps?cid=13102298636261423441,,,Low,5.0,18,"5.0★ from 18 Google reviews; no website on Google Maps; web check not done yet. A site could show business profile, services and contact.",Google Maps
563,"E,ZAWELI",Restaurant,Messaadine,Sousse,Messadine 4013,+216 55 262 275,,Website unclear,,https://www.google.com/maps?cid=6622000656792054991,,,Low,4.9,13,"4.9★ from 13 Google reviews; no website on Google Maps; web check not done yet. A site could show menu, photos, opening hours and reservation/WhatsApp booking.",Google Maps
564,TWO BRO’S RESTO,Restaurant,Messaadine,Sousse,"Rue 9 avril , messadine, Sousse",+216 21 615 823,,Website unclear,,https://www.google.com/maps?cid=18426921665816567860,,,Low,4.5,12,"4.5★ from 12 Google reviews; no website on Google Maps; web check not done yet. A site could show menu, photos, opening hours and reservation/WhatsApp booking.",Google Maps
565,Classico,Café,Messaadine,Sousse,"QH8W+CFP, Messadine",+216 40 615 453,,Website unclear,,https://www.google.com/maps?cid=5922093173559924103,,,Low,4.1,10,"4.1★ from 10 Google reviews; no website on Google Maps; web check not done yet. A site could show menu, photos, events and location page.",Google Maps
566,Black House,Restaurant,Msaken,Sousse,"N° 3 Rue Sidi Abar, M'saken 4070",+216 27 700 637,,Social media only,,https://www.google.com/maps?cid=5952038992114078170,https://www.facebook.com/people/BLACK-HOUSE-Msaken-4070/61563482332825/,https://www.instagram.com/black_house_restaurant_cafe/,High,4.1,198,"4.1★ from 198 Google reviews; relies on social media only. A site could show menu, photos, opening hours and reservation/WhatsApp booking. Note: Café-restaurant, Rue Sidi Abar; email black.house.msaken@gmail.com.","Google Maps; WebSearch (Facebook, Instagram, TikTok)"
567,Patisserie Mahjoub,Bakery / pastry shop,Msaken,Sousse,PHPF+HQP، مساكن,+216 98 202 753,,Website unclear,,https://www.google.com/maps?cid=9109663451952004425,,,Medium,4.4,101,"4.4★ from 101 Google reviews; no website on Google Maps; web check not done yet. A site could show product catalogue (cakes, wedding/event orders) and order contact.",Google Maps
568,M'saken Telecom,Computer / phone shop,Msaken,Sousse,"PHGF+HR4, Av Magreb Arab, M'saken 4070",+216 99 748 484,,Social media only,https://linktr.ee/msktelecom,https://www.google.com/maps?cid=11233689771491143995,,,Medium,4.9,64,"4.9★ from 64 Google reviews; relies on social media only (link on Maps listing; own-site check pending). A site could show products, repair services and contact.",Google Maps (social link on listing)
569,Petits Macarons,Bakery / pastry shop,Msaken,Sousse,20 Rue de Carthage، مساكن 4070,+216 50 988 621,,Social media only,,https://www.google.com/maps?cid=6086993378234125549,https://m.facebook.com/petitsmacarons4070/,,Medium,4.7,47,"4.7★ from 47 Google reviews; relies on social media only (link on Maps listing; own-site check pending). A site could show product catalogue (cakes, wedding/event orders) and order contact.",Google Maps (social link on listing)
570,Dolce Ice Msaken,Bakery / pastry shop,Msaken,Sousse,"P 1, M'saken",+216 73 259 906,,Social media only,,https://www.google.com/maps?cid=5543544082440611733,https://www.facebook.com/DolceIce73/,,Medium,4.4,20,"4.4★ from 20 Google reviews; relies on social media only (link on Maps listing; own-site check pending). A site could show product catalogue (cakes, wedding/event orders) and order contact.",Google Maps (social link on listing)
571,GUSTO M'saken,Restaurant,Msaken,Sousse,"149 Rue de la Liberté, M'saken",+216 20 799 003,,Website unclear,,https://www.google.com/maps?cid=6935542332882804563,,,Low,3.9,40,"3.9★ from 40 Google reviews; no website on Google Maps; web check not done yet. A site could show menu, photos, opening hours and reservation/WhatsApp booking.",Google Maps
572,Salle Des Fêtes Glissa,Wedding / event venue,Msaken,Sousse,Route ceinture 30 derrière café l'Elite، 4070، مساكن,+216 98 608 257,,Website unclear,,https://www.google.com/maps?cid=6696228644283829788,,,Low,4.4,27,"4.4★ from 27 Google reviews; no website on Google Maps; web check not done yet. A site could show hall capacity, photo gallery, packages and availability requests.",Google Maps
573,Complex Rouis de Beauté,Hair salon / barber,Msaken,Sousse,شارع البيئة، مساكن,+216 55 884 366,,Website unclear,,https://www.google.com/maps?cid=13464030570750041134,,,Low,4.0,27,"4.0★ from 27 Google reviews; no website on Google Maps; web check not done yet. A site could show services & prices, gallery and appointment booking.",Google Maps
574,Salle des fêtes Juliette M'saken,Wedding / event venue,Msaken,Sousse,نهج صفاقس، مساكن,+216 22 500 793,,Website unclear,,https://www.google.com/maps?cid=11562348757685812417,,,Low,4.6,26,"4.6★ from 26 Google reviews; no website on Google Maps; web check not done yet. A site could show hall capacity, photo gallery, packages and availability requests.",Google Maps
575,Eurorepar Msaken FRANCE AUTO,Auto repair / service,Msaken,Sousse,Rue medali msaken Sousse، 4070,+216 97 222 313,,Website unclear,,https://www.google.com/maps?cid=17386659044495626965,,,Low,4.6,20,"4.6★ from 20 Google reviews; no website on Google Maps; web check not done yet. A site could show services, diagnostics offer and quote requests.",Google Maps
576,patisserie opera,Bakery / pastry shop,Msaken,Sousse,PHMJ+X8W، مساكن,+216 98 365 706,,Website unclear,,https://www.google.com/maps?cid=8057288860609093199,,,Low,4.2,20,"4.2★ from 20 Google reviews; no website on Google Maps; web check not done yet. A site could show product catalogue (cakes, wedding/event orders) and order contact.",Google Maps
577,Boulangerie Pâtisserie La Noisette msaken,Bakery / pastry shop,Msaken,Sousse,PHPH+3Q6، شارع الطيب حشيشة، مساكن,+216 53 068 489,,Website unclear,,https://www.google.com/maps?cid=7015430838387388962,,,Low,4.6,20,"4.6★ from 20 Google reviews; no website on Google Maps; web check not done yet. A site could show product catalogue (cakes, wedding/event orders) and order contact.",Google Maps
578,Tacos mania msaken,Restaurant,Msaken,Sousse,"Avenue makka moukarma, M'saken 4070",+216 54 757 557,,Website unclear,,https://www.google.com/maps?cid=12822304792049122303,,,Low,4.3,18,"4.3★ from 18 Google reviews; no website on Google Maps; web check not done yet. A site could show menu, photos, opening hours and reservation/WhatsApp booking.",Google Maps
579,Multigoût,Bakery / pastry shop,Msaken,Sousse,"en face de souk, Lycée Farhat Hached, rue, M'saken 4070",+216 53 635 639,,Website unclear,,https://www.google.com/maps?cid=18023592597091104114,,,Low,5.0,17,"5.0★ from 17 Google reviews; no website on Google Maps; web check not done yet. A site could show product catalogue (cakes, wedding/event orders) and order contact.",Google Maps
580,Kraiem Coiff,Hair salon / barber,Msaken,Sousse,نهج يوسف التميمي، مساكن 4070,+216 97 406 739,,Website unclear,,https://www.google.com/maps?cid=14713525880537681747,,,Low,5.0,14,"5.0★ from 14 Google reviews; no website on Google Maps; web check not done yet. A site could show services & prices, gallery and appointment booking.",Google Maps
581,Salon de coiffure Manga,Hair salon / barber,Msaken,Sousse,"C100e, M'saken 4070",+216 52 773 203,,Social media only,,https://www.google.com/maps?cid=9817765617008949218,https://www.facebook.com/share/1AAQQkXSSq/,,Low,5.0,12,"5.0★ from 12 Google reviews; relies on social media only (link on Maps listing; own-site check pending). A site could show services & prices, gallery and appointment booking.",Google Maps (social link on listing)
582,Elghanja Beauty Msaken Hanene Bziouech,Beauty salon / spa,Msaken,Sousse,"Rue république, M'saken 4070",+216 22 239 127,,Website unclear,,https://www.google.com/maps?cid=1682812656079589623,,,Low,3.4,10,"3.4★ from 10 Google reviews; no website on Google Maps; web check not done yet. A site could show service menu, prices, gallery and booking.",Google Maps
583,Ecovillage,Leisure / entertainment,Sidi Bou Ali,Sousse,WFPR+989، سيدي بوعلي,+216 26 141 414,,Social media only,,https://www.google.com/maps?cid=15046224924731983269,https://www.facebook.com/Ecovillage.WildLuxury/,,Low,3.7,159,"3.7★ from 159 Google reviews; relies on social media only (link on Maps listing; own-site check pending). A site could show activities, prices and booking.",Google Maps (social link on listing)
584,Chouigui Car Service Diag / Climatisation,Auto repair / service,Zaouiet Sousse,Sousse,"طريق مساكن, Zaouiet Sousse",+216 97 429 764,,Website unclear,,https://www.google.com/maps?cid=12047426596660561676,,,Medium,5.0,112,"5.0★ from 112 Google reviews; no website on Google Maps; web check not done yet. A site could show services, diagnostics offer and quote requests. Note: Likely part of Chouigui group (Bosch Car Service Sousse) - check group site before pitching.",Google Maps; web search
585,Salle Des Fêtes Et Des Congrés Lella El Beya,Wedding / event venue,Zaouiet Sousse,Sousse,RJ39+4X4، سوسة,+216 50 373 747,,Website unclear,,https://www.google.com/maps?cid=8367979369979681121,,,Low,3.8,36,"3.8★ from 36 Google reviews; no website on Google Maps; web check not done yet. A site could show hall capacity, photo gallery, packages and availability requests.",Google Maps
586,Le Mecano-Diag,Auto repair / service,Zaouiet Sousse,Sousse,سوسة,+216 92 111 305,,Website unclear,,https://www.google.com/maps?cid=11609340342534146620,,,Low,4.7,34,"4.7★ from 34 Google reviews; no website on Google Maps; web check not done yet. A site could show services, diagnostics offer and quote requests.",Google Maps
587,Sidibou Palace,Wedding / event venue,Zaouiet Sousse,Sousse,"Route nationale N° 1, rue le Caire, Zaouiet Sousse 4081",+216 58 177 002,,Website unclear,,https://www.google.com/maps?cid=11219272838647824626,,,Low,3.6,26,"3.6★ from 26 Google reviews; no website on Google Maps; web check not done yet. A site could show hall capacity, photo gallery, packages and availability requests.",Google Maps
588,Hamza elkef photography,Wedding / event venue,Zaouiet Sousse,Sousse,Rue Abdelaziz Rjiba، سوسة 4023,+216 55 187 043,,Website unclear,,https://www.google.com/maps?cid=3838498218843371237,,,Low,5.0,19,"5.0★ from 19 Google reviews; no website on Google Maps; web check not done yet. A site could show hall capacity, photo gallery, packages and availability requests.",Google Maps
589,Jawher Électricien – Sousse,Plumbing / electrical,Zaouiet Sousse,Sousse,Zaouiet Sousse 4081,+216 24 952 071,,Social media only,,https://www.google.com/maps?cid=8521879752832249227,https://www.facebook.com/share/1BFTdW9ykP/,,Low,5.0,15,"5.0★ from 15 Google reviews; relies on social media only (link on Maps listing; own-site check pending). A site could show services, service area and call-out contact.",Google Maps (social link on listing)
590,Pâtisserie Mozart,Bakery / pastry shop,Zaouiet Sousse,Sousse,"QJX4+JPW, Av. Etawfeek, Sousse",+216 98 284 044,,Website unclear,,https://www.google.com/maps?cid=17836243583070413782,,,Low,3.8,13,"3.8★ from 13 Google reviews; no website on Google Maps; web check not done yet. A site could show product catalogue (cakes, wedding/event orders) and order contact.",Google Maps
591,Mktron workshop,Auto repair / service,Zaouiet Sousse,Sousse,Sousse,+216 20 620 460,,Website unclear,,https://www.google.com/maps?cid=18003537497021477768,,,Low,5.0,12,"5.0★ from 12 Google reviews; no website on Google Maps; web check not done yet. A site could show services, diagnostics offer and quote requests.",Google Maps
592,Les Trois Baguettes,Restaurant,Zaouiet Sousse,Sousse,QMW7+FF3، Zaouiet Sousse,+216 27 531 222,,Website unclear,,https://www.google.com/maps?cid=7729325842415555650,,,Low,4.9,10,"4.9★ from 10 Google reviews; no website on Google Maps; web check not done yet. A site could show menu, photos, opening hours and reservation/WhatsApp booking.",Google Maps
